model,seed,horizon,context,origins,batch_size,device,input_mode,input_features,setup_seconds_including_training,training_seconds,mae,rmse,mase,mae_window_mean,mae_window_std,rmse_window_mean,rmse_window_std,mase_window_mean,mase_window_std,median_batch_latency_ms,mean_batch_latency_ms,std_batch_latency_ms,p95_batch_latency_ms,full_batches_timed,inference_seconds,forecasts_per_second,hidden_size,learning_rate,weight_decay,layers,dropout,output_mode,train_batch_size,best_epoch,validation_mae,early_stopping_mae,selected_train_mae,validation_seasonal_naive_mae,validation_persistence_mae,validation_block_mae_std,train_end_exclusive,validation_end_exclusive,train_windows,epochs_run,refit_full,hit_epoch_limit,parameters,refit_epochs,validation_protocol,cv_folds,epoch_selection_mae,epoch_selection_train_end,epoch_selection_training_seconds,selected_training_seconds,tuning_seconds,tuning_trials,selection_metric,dataset,series,run_directory
seasonal-naive,,24,168,145,1,cpu,univariate,1,7.080379873514175e-07,0.0,1.7176551733380077,2.2399743436034885,0.7625283181601918,1.7176551724137932,0.9770599598957824,1.978770224764,1.0533783338560485,0.7625283177499002,0.4337517212567927,0.0003210734575986,0.0003457262084401,0.0001272262932866,0.0004233792424201,145,5.013030022382736e-05,2892462.230479128,,,,,,,,,,,,,,,,,,,,,,,,,,,,,,,,etth1,etth1,runs/etth1/etth1
lstm,42.0,24,168,145,1,cuda,multivariate,7,9.031715907156467,7.516532986890525,1.2798027017935254,1.784487344778122,0.5681500087581591,1.2798026988505748,0.784114848785053,1.5497017877502752,0.8878376635046452,0.5681500074516785,0.3480965132987377,0.7857091259211302,0.788865325137459,0.0140538590413987,0.8077790960669518,145,0.1143854721449315,1267.6434977361323,128.0,0.001,0.0,2.0,0.3,last,64.0,5.0,,,1.6125975847244265,,,,13920.0,13920.0,13729.0,5.0,True,False,205336.0,5.0,single_holdout,0.0,1.1796315343225956,12480.0,4.935828075977042,2.5807049109134823,9.031103477114812,0.0,early_stopping_mae,etth1,etth1,runs/etth1/etth1
chronos2,,24,168,145,1,cuda,multivariate,7,2.3596568549983203,0.0,1.3442827354988147,1.87830073424922,0.5967749926428211,1.344282721270115,0.8396604785464432,1.6159350211194154,0.9607986561604744,0.5967749863261945,0.3727551970092701,14.408407965674996,14.420941311480671,0.0958247267777669,14.57078903913498,145,2.091036490164697,69.34360097588699,,,,,,,,,,,,,,,,,,,,,,,,,,,,,,,,etth1,etth1,runs/etth1/etth1
timesfm3,,24,168,145,1,cuda,multivariate,7,1.9818424000404773,0.0,1.3257130093187437,1.8662632414090257,0.5885312296963462,1.325713005270115,0.8384461167835954,1.6005328685616818,0.9631357527793748,0.5885312278990157,0.3722160985644625,193.56074300594628,194.5827793201496,3.8103469175280793,199.8751658946276,145,28.21450300142169,5.1392009277176935,,,,,,,,,,,,,,,,,,,,,,,,,,,,,,,,etth1,etth1,runs/etth1/etth1
toto2,,24,168,145,1,cuda,multivariate,7,2.6453898758627474,0.0,1.331180470471067,1.852684822794284,0.590958430465046,1.331180467781609,0.7965695665517647,1.6067963501741451,0.925501921211765,0.5909584292710999,0.3536256061802585,48.24637994170189,48.29061461837384,0.3389432031432612,48.59347124584019,145,7.002139119664207,20.707957600098865,,,,,,,,,,,,,,,,,,,,,,,,,,,,,,,,etth1,etth1,runs/etth1/etth1
seasonal-naive,,168,168,139,1,cpu,univariate,1,1.4458782970905304e-06,0.0,2.8983103765539107,3.791644767712982,1.2866632204442956,2.8983103802672154,1.2814362679243996,3.542968251282855,1.3554198958499046,1.2866632220927636,0.56887520695493,0.0003168825060129,0.0003699528174005,0.0001175554017498,0.0005792593583464,139,5.142344161868096e-05,2703047.39676359,,,,,,,,,,,,,,,,,,,,,,,,,,,,,,,,etth1,etth1,runs/etth1/etth1
lstm,42.0,168,168,139,1,cuda,multivariate,7,8.864983598934487,8.09476320585236,2.27535481875652,2.8650385228134363,1.0101110572690437,2.275354820266358,0.897942197853254,2.6946271495725864,0.9768806024403206,1.0101110579393149,0.3986285283346383,0.7816620636731386,0.7820870884754461,0.0084107125004291,0.7945017423480749,139,0.108710105298087,1278.629982179274,128.0,0.001,0.0,2.0,0.3,last,64.0,6.0,,,2.475525140762329,,,,13920.0,13920.0,13585.0,6.0,True,False,223912.0,6.0,single_holdout,0.0,1.993119806389984,12480.0,4.986969650955871,3.107793554896489,8.864489075029269,0.0,early_stopping_mae,etth1,etth1,runs/etth1/etth1
chronos2,,168,168,139,1,cuda,multivariate,7,0.6212887859437615,0.0,2.330748479037395,3.045352504228557,1.0347022763136828,2.3307484763679187,1.1097417554511737,2.798418086921117,1.205605579944069,1.0347022751286077,0.4926538967258718,13.929106993600726,13.947938099878726,0.1313234087802416,14.100015186704695,139,1.938763395883143,71.69518482511008,,,,,,,,,,,,,,,,,,,,,,,,,,,,,,,,etth1,etth1,runs/etth1/etth1
timesfm3,,168,168,139,1,cuda,multivariate,7,1.5429696629289538,0.0,2.6689524050251943,3.836583272490315,1.184843046639242,2.668952406990956,2.022434256218097,3.1606550163842,2.1826368956122297,1.1848430475119136,0.8978306099626376,160.0841418839991,160.72820966708198,2.6084224265632563,166.30204727407545,139,22.3412211437244,6.221683188478925,,,,,,,,,,,,,,,,,,,,,,,,,,,,,,,,etth1,etth1,runs/etth1/etth1
toto2,,168,168,139,1,cuda,multivariate,7,1.4999642339535058,0.0,2.450585669716332,3.274207424644927,1.0879022741245763,2.4505856745773382,1.34039317692785,2.9349029227595165,1.45672429276149,1.0879022762825503,0.5950482790384021,47.1090879291296,47.11603892384191,0.326314131320998,47.64770749025047,139,6.549129410414025,21.22419504781364,,,,,,,,,,,,,,,,,,,,,,,,,,,,,,,,etth1,etth1,runs/etth1/etth1
seasonal-naive,,24,168,277,1,cpu,univariate,1,6.610061973333359e-07,0.0,38.95062859738346,58.24272472111885,1.0455460798127587,38.95062799488568,24.16967115582224,50.0524349775062,29.835922900148063,1.0455460636399982,0.6487829808485047,0.000301981344819,0.00032068848852,0.0001284334832899,0.0003654509782791,277,8.883071132004261e-05,3118290.914073783,,,,,,,,,,,,,,,,,,,,,,,,,,,,,,,,electricity,MT_124,runs/electricity/MT_124
lstm,42.0,24,168,277,1,cuda,multivariate,1,56.45677046314813,54.5720767469611,26.226637749035007,35.99442563243483,0.7039978370725165,26.226637210740076,10.942271989883183,32.84112049484892,14.75960311427929,0.7039978226231435,0.2937218215789167,0.7746198680251837,0.7762792293278211,0.0173196826384822,0.7900598458945751,277,0.2150293465238064,1288.196260082726,128.0,0.001,0.0,2.0,0.3,last,64.0,28.0,,,23.120176315307617,,,,28032.0,28032.0,26551.0,28.0,True,False,202264.0,28.0,single_holdout,0.0,19.01782094515113,26592.0,27.39423392806202,27.17784281889908,56.45630468893796,0.0,early_stopping_mae,electricity,MT_124,runs/electricity/MT_124
chronos2,,24,168,277,1,cuda,multivariate,1,2.288335860008374,0.0,27.888643586678626,39.46169361750093,0.7486108189613617,27.888643257069795,14.20971395252248,35.07744103192771,18.110284365224,0.7486108101137197,0.3814292927564861,14.19276581145823,14.218579650779224,0.1295489558398647,14.397517871111631,277,3.938546563265845,70.33051293173273,,,,,,,,,,,,,,,,,,,,,,,,,,,,,,,,electricity,MT_124,runs/electricity/MT_124
timesfm3,,24,168,277,1,cuda,multivariate,1,1.7573594318237156,0.0,29.51010733936094,42.02637217120811,0.7921355355378064,29.510107027978343,16.186702201130764,36.827476172008645,20.28394073648004,0.7921355271794083,0.4344973018644864,112.70450800657272,113.16423958574256,1.901921992012044,116.1310939118266,277,31.34649436525069,8.836713821085834,,,,,,,,,,,,,,,,,,,,,,,,,,,,,,,,electricity,MT_124,runs/electricity/MT_124
toto2,,24,168,277,1,cuda,multivariate,1,2.3328024179209024,0.0,33.11775962368245,47.71594480351491,0.8889752230866047,33.11775926504212,18.702093835687062,41.64967011224896,23.32553341895626,0.8889752134596741,0.5020175950512521,46.90433596260846,46.92667136758916,0.287238722268009,47.44113157503307,277,12.998687968822196,21.30984301372524,,,,,,,,,,,,,,,,,,,,,,,,,,,,,,,,electricity,MT_124,runs/electricity/MT_124
seasonal-naive,,168,168,259,1,cpu,univariate,1,1.4470424503087995e-06,0.0,33.220253099959486,47.98550050990173,0.8917264406198445,33.22025246465343,11.166033745284285,44.660154888201774,17.586154772337043,0.8917264235664161,0.2997282259579042,0.0003059394657611,0.0003240238443649,5.754851799568249e-05,0.0004102243110537,259,8.392217569053173e-05,3086192.628693025,,,,,,,,,,,,,,,,,,,,,,,,,,,,,,,,electricity,MT_124,runs/electricity/MT_124
lstm,42.0,168,168,259,1,cuda,multivariate,1,54.62768925586715,53.28667969582602,34.350948373191734,47.99873743750819,0.922077530010741,34.350947790655454,11.36996328109052,44.64809755865207,17.65302546498509,0.9220775143738038,0.3052022769398329,0.7762759923934937,0.7778004667646176,0.009564049766394,0.7921316428110003,259,0.2014503208920359,1285.6767805240024,128.0,0.001,0.0,2.0,0.3,last,64.0,27.0,,,30.553316116333008,,,,28032.0,28032.0,25543.0,27.0,True,False,220840.0,27.0,single_holdout,0.0,20.84763827228357,26592.0,27.20193831482902,26.084741380997,54.62721764296293,0.0,early_stopping_mae,electricity,MT_124,runs/electricity/MT_124
chronos2,,168,168,259,1,cuda,multivariate,1,0.6372400938998908,0.0,32.655261976224885,47.21542265767304,0.8765604657480193,32.65526157312925,12.84241897414619,43.354820300313,18.735284523864703,0.8765604549277816,0.3447271917617661,15.035985969007015,15.046661799687277,0.0956343625351863,15.206049755215645,259,3.897085406119004,66.45992402253526,,,,,,,,,,,,,,,,,,,,,,,,,,,,,,,,electricity,MT_124,runs/electricity/MT_124
timesfm3,,168,168,259,1,cuda,multivariate,1,1.5968414470553398,0.0,32.582530323164626,45.82012926322806,0.8746081405231431,32.58252992932984,10.413040792711929,42.78734009637752,16.42465535864961,0.874608129951493,0.279515745234511,277.26531215012074,277.8473143604257,2.42704134224328,281.3658364117145,259,71.96245441935025,3.5990990314298745,,,,,,,,,,,,,,,,,,,,,,,,,,,,,,,,electricity,MT_124,runs/electricity/MT_124
toto2,,168,168,259,1,cuda,multivariate,1,1.6572555350139735,0.0,37.71214950415641,51.9546833978101,1.0123017649587336,37.71214910498254,11.141827200908269,49.28780287820755,16.463537637678066,1.0123017542437671,0.2990784531945487,49.87592296674848,49.888412543648,0.229357950545465,50.2605895511806,259,12.921098848804832,20.044734819435025,,,,,,,,,,,,,,,,,,,,,,,,,,,,,,,,electricity,MT_124,runs/electricity/MT_124
seasonal-naive,,24,168,277,1,cpu,univariate,1,9.569339454174042e-07,0.0,41.201692729506966,70.63668581008325,0.8154871012632079,41.20169274037304,36.75097129327936,57.80966892262878,40.663903761662176,0.8154871014782754,0.7273959166027298,0.0003038439899682,0.0003227612696292,0.0001353441726163,0.0003684777766466,277,8.940487168729305e-05,3098265.1702565947,,,,,,,,,,,,,,,,,,,,,,,,,,,,,,,,electricity,MT_131,runs/electricity/MT_131
lstm,42.0,24,168,277,1,cuda,multivariate,1,56.72381461691111,54.79139939392917,28.810672976838696,56.05659884677601,0.570237061510302,28.810672981305107,24.675776819592723,48.217767848839294,28.64176485078663,0.5702370615987037,0.488396868597984,0.7624230347573757,0.7651868000599666,0.0139790760630426,0.7818217389285564,277,0.2119567436166107,1306.8704268312408,128.0,0.001,0.0,2.0,0.3,last,64.0,28.0,,,27.94832992553711,,,,28032.0,28032.0,26551.0,28.0,True,False,202264.0,28.0,single_holdout,0.0,26.20826023844984,26592.0,28.058922492899,26.732476901030168,56.723288116045296,0.0,early_stopping_mae,electricity,MT_131,runs/electricity/MT_131
chronos2,,24,168,277,1,cuda,multivariate,1,2.082065630005673,0.0,24.850618500643545,48.535120856864665,0.4918574335945773,24.85061849573854,26.35844293458532,36.13918270182664,32.45643837032548,0.4918574334974946,0.5217011437771062,13.741665054112673,13.76009979520652,0.1127384245977904,13.908860785886644,277,3.811547643272206,72.67389153299315,,,,,,,,,,,,,,,,,,,,,,,,,,,,,,,,electricity,MT_131,runs/electricity/MT_131
timesfm3,,24,168,277,1,cuda,multivariate,1,1.8199542481452229,0.0,35.81689026661298,59.29824667322077,0.708908058985278,35.81689026755479,28.637252155621507,49.85546461574775,32.162854051086384,0.7089080590039187,0.5668046189715562,107.97212505713104,108.45811139129856,2.197212576167153,111.8051441386342,277,30.0428968553897,9.220149486027548,,,,,,,,,,,,,,,,,,,,,,,,,,,,,,,,electricity,MT_131,runs/electricity/MT_131
toto2,,24,168,277,1,cuda,multivariate,1,2.307962136110291,0.0,34.78654535726233,60.70789522083022,0.6885148924000147,34.78654538387931,32.47791322810445,48.41400262958053,36.69323537887652,0.688514892926833,0.6428211454161248,45.93206103891134,46.31694858063295,2.159143928230345,46.96060083806514,277,12.829794756835328,21.590368766610453,,,,,,,,,,,,,,,,,,,,,,,,,,,,,,,,electricity,MT_131,runs/electricity/MT_131
seasonal-naive,,168,168,259,1,cpu,univariate,1,9.18051227927208e-07,0.0,27.64024379150265,58.985261456911374,0.547071268059782,27.64024378630952,15.143275589497415,53.75983361912397,24.319228032575168,0.5470712679569967,0.2997242369429446,0.0003180466592311,0.0003363737570387,5.8985366402610765e-05,0.0004200264811515,259,8.712080307304859e-05,2972883.5233857413,,,,,,,,,,,,,,,,,,,,,,,,,,,,,,,,electricity,MT_131,runs/electricity/MT_131
lstm,42.0,168,168,259,1,cuda,multivariate,1,31.58708308893256,30.396235273219645,36.73591195516758,60.069739248325554,0.7270978537036072,36.73591197174476,12.813305767725016,57.99496947101931,15.68140737122917,0.7270978540317122,0.2536081623325637,0.7772839162498713,0.7795334315380534,0.0103392508218132,0.7960353745147586,259,0.2018991587683558,1282.8186188589198,128.0,0.001,0.0,2.0,0.3,last,64.0,14.0,,,37.83173751831055,,,,28032.0,28032.0,25543.0,14.0,True,False,220840.0,14.0,single_holdout,0.0,31.07836223766072,26592.0,17.088798564160243,13.307436709059402,31.586600799113512,0.0,early_stopping_mae,electricity,MT_131,runs/electricity/MT_131
chronos2,,168,168,259,1,cuda,multivariate,1,0.6407612808980048,0.0,28.62639976096824,53.288009972151706,0.566589822266099,28.62639978308341,13.485672849500933,49.78688996158088,19.03355843726898,0.566589822703815,0.2669160301937686,13.799746055155993,13.8246934630811,0.1267175138171341,13.966049789451064,259,3.5805956069380045,72.33433440462923,,,,,,,,,,,,,,,,,,,,,,,,,,,,,,,,electricity,MT_131,runs/electricity/MT_131
timesfm3,,168,168,259,1,cuda,multivariate,1,1.555690570967272,0.0,38.19285285391555,60.87204022472782,0.7559344483074234,38.192852859950015,15.751188074377351,58.14094420357904,18.06365739016752,0.7559344484268611,0.3117563831309923,158.88911299407482,159.79182654829933,2.9250749761315618,165.64129083417356,259,41.38608307600953,6.258142369364155,,,,,,,,,,,,,,,,,,,,,,,,,,,,,,,,electricity,MT_131,runs/electricity/MT_131
toto2,,168,168,259,1,cuda,multivariate,1,1.4991341510321945,0.0,37.92693536450131,62.0946709841305,0.750671259631141,37.92693537925267,16.392454941074607,59.65310460621157,17.274473370883218,0.7506712599231083,0.3244486980242728,46.65030795149505,46.64231098479947,0.3304754863576971,47.16837052255869,259,12.080358545063064,21.439760999961937,,,,,,,,,,,,,,,,,,,,,,,,,,,,,,,,electricity,MT_131,runs/electricity/MT_131
seasonal-naive,,24,168,277,1,cpu,univariate,1,8.35862010717392e-07,0.0,8.610163309029724,14.781480390990396,0.8165346830886143,8.610163251398918,8.633015751331627,11.69354697487664,9.05810835242308,0.8165346776232647,0.8187018675034806,0.0003031454980373,0.0003298991679176,0.0001535954694594,0.0004198867827653,277,9.138206951320171e-05,3031229.227742348,,,,,,,,,,,,,,,,,,,,,,,,,,,,,,,,electricity,MT_132,runs/electricity/MT_132
lstm,42.0,24,168,277,1,cuda,multivariate,1,18.121129689970985,16.314379217103124,8.727132077753616,15.287768099530007,0.8276272783244173,8.727132030110017,6.910464692218025,13.43649048120517,7.305425642805541,0.8276272738061928,0.6553457692884539,0.767130870372057,0.7674575410110855,0.0082226514593582,0.7798486389219761,277,0.2125857388600707,1303.0036797639018,128.0,0.001,0.0,2.0,0.3,last,64.0,6.0,,,6.867775917053223,,,,28032.0,28032.0,26551.0,6.0,True,False,202264.0,6.0,single_holdout,0.0,9.38344603882797,26592.0,10.411695362068713,5.902683855034411,18.12058229604736,0.0,early_stopping_mae,electricity,MT_132,runs/electricity/MT_132
chronos2,,24,168,277,1,cuda,multivariate,1,2.0811393409967422,0.0,4.676296017373655,9.277626805578548,0.443471017857504,4.676295989001939,5.465303904941197,6.772171171527655,6.352775151639714,0.4434710151669057,0.5182956503651981,14.45174403488636,14.51446595416818,0.3117950828761332,14.794789673760532,277,4.0205070693045855,68.89678222799688,,,,,,,,,,,,,,,,,,,,,,,,,,,,,,,,electricity,MT_132,runs/electricity/MT_132
timesfm3,,24,168,277,1,cuda,multivariate,1,1.7789358280133456,0.0,7.448344038783714,12.411340571357757,0.7063549227765564,7.448344005675105,7.366325671644202,9.674177955531457,7.789138740764574,0.7063549196367407,0.698576807656548,107.10737993940712,107.627238430224,1.8708537052533345,109.50920097529888,277,29.81274504517205,9.29132824167287,,,,,,,,,,,,,,,,,,,,,,,,,,,,,,,,electricity,MT_132,runs/electricity/MT_132
toto2,,24,168,277,1,cuda,multivariate,1,2.3374043649528176,0.0,7.296798126325998,12.795627253976104,0.6919832448930179,7.296798087716763,8.073727373296212,9.432003346057162,8.66234828581243,0.6919832412315566,0.7656624137645068,48.17102011293173,48.24128044459848,0.2874042718362716,48.82730622775853,277,13.362834683153778,20.72913469095053,,,,,,,,,,,,,,,,,,,,,,,,,,,,,,,,electricity,MT_132,runs/electricity/MT_132
seasonal-naive,,168,168,259,1,cpu,univariate,1,1.2980308383703232e-06,0.0,4.12999724840434,9.08595723705682,0.3916634183751282,4.129997195762089,1.7901642283939851,8.47519978007583,3.2813379588228093,0.3916634133828623,0.1697681133847133,0.0003250315785408,0.0003508425184658,7.164965941032177e-05,0.0004520406946539,259,9.086821228265762e-05,2850281.671596512,,,,,,,,,,,,,,,,,,,,,,,,,,,,,,,,electricity,MT_132,runs/electricity/MT_132
lstm,42.0,168,168,259,1,cuda,multivariate,1,31.12191156996414,29.94734866404906,6.471774379563016,11.484105586932635,0.6137430908535231,6.471774329141895,1.841908857577694,11.236272430186022,2.377537927633133,0.6137430860718956,0.1746752542687598,0.7710219360888004,0.773413450201851,0.0109976556079603,0.7910363841801882,259,0.2003140836022794,1292.9694974130755,128.0,0.001,0.0,2.0,0.3,last,64.0,14.0,,,6.436594009399414,,,,28032.0,28032.0,25543.0,14.0,True,False,220840.0,14.0,single_holdout,0.0,8.291513642021755,26592.0,17.101371261989698,12.84597740205936,31.121428757207468,0.0,early_stopping_mae,electricity,MT_132,runs/electricity/MT_132
chronos2,,168,168,259,1,cuda,multivariate,1,0.63706956198439,0.0,4.227647068661502,8.398265370170476,0.4009239239167272,4.227647034307871,2.0503113465603646,7.783208403801252,3.1608706570962832,0.400923920658841,0.19443885853372,14.223041012883186,14.255510320397937,0.1538163063915528,14.577585272490978,259,3.692177172983065,70.14831300491005,,,,,,,,,,,,,,,,,,,,,,,,,,,,,,,,electricity,MT_132,runs/electricity/MT_132
timesfm3,,168,168,259,1,cuda,multivariate,1,1.500548129202798,0.0,6.668361817568583,10.730798935201353,0.63238622869305,6.668361778795887,2.9431520226405525,10.068084912526755,3.7198301347535594,0.6323862250160871,0.2791103510856906,138.5556561872363,139.08017549437244,1.912797034450908,142.52793537452817,259,36.02176545304246,7.190097340943193,,,,,,,,,,,,,,,,,,,,,,,,,,,,,,,,electricity,MT_132,runs/electricity/MT_132
toto2,,168,168,259,1,cuda,multivariate,1,1.4591716099530458,0.0,6.79483004031067,11.500551367695758,0.6443796934475677,6.794829992601532,3.5168289297786406,10.772224400229913,4.035435239852145,0.6443796889231279,0.3335143240131265,50.84050283767283,50.79608594524066,0.7425157367063049,51.43866050057113,259,13.156186259817332,19.68655618619952,,,,,,,,,,,,,,,,,,,,,,,,,,,,,,,,electricity,MT_132,runs/electricity/MT_132
seasonal-naive,,24,168,277,1,cpu,univariate,1,8.970964699983597e-07,0.0,21.50346857775563,29.81326811605481,2.1056350304104874,21.50346854016245,13.132214290400576,26.15219132136148,14.340021381886398,2.1056350267293373,1.285915820358816,0.0003050081431865,0.0003269505401273,0.0001314291815613,0.0004020985215902,277,9.056529961526394e-05,3058566.5942335627,,,,,,,,,,,,,,,,,,,,,,,,,,,,,,,,electricity,MT_156,runs/electricity/MT_156
lstm,42.0,24,168,277,1,cuda,multivariate,1,35.15445313695818,33.15181942121126,12.410665612071574,16.8152218394271,1.215261257456922,12.41066559566787,7.383700302991377,14.87200686968029,7.861182830629325,1.2152612558506597,0.7230172172369547,0.7701530121266842,0.7707547095506737,0.0096092267393104,0.7859122473746538,277,0.2134990545455366,1297.4296330709017,128.0,0.001,0.0,2.0,0.3,last,64.0,15.0,,,5.227897644042969,,,,28032.0,28032.0,26551.0,15.0,True,False,202264.0,15.0,single_holdout,0.0,11.992969098049286,26592.0,18.746388449100778,14.40543097211048,35.153866374865174,0.0,early_stopping_mae,electricity,MT_156,runs/electricity/MT_156
chronos2,,24,168,277,1,cuda,multivariate,1,2.271433373913169,0.0,13.869125269380287,18.821409017475155,1.3580746707332572,13.869125263838749,8.338897828679348,16.521826344809597,9.03156494664012,1.3580746701906257,0.8165508424647755,14.823806937783957,14.832532707440402,0.0911944166646993,14.970825472846627,277,4.108611559960991,67.41936928265615,,,,,,,,,,,,,,,,,,,,,,,,,,,,,,,,electricity,MT_156,runs/electricity/MT_156
timesfm3,,24,168,277,1,cuda,multivariate,1,1.9002507021650672,0.0,15.169849257606892,21.02758735006049,1.4854424944218685,15.169849229768351,9.72750757888226,18.07927910671743,10.75717659537577,1.4854424916958986,0.9525245028546834,196.55349291861057,198.2514992194916,6.88251807674584,205.71888061240315,277,54.91566528379917,5.044098046859474,,,,,,,,,,,,,,,,,,,,,,,,,,,,,,,,electricity,MT_156,runs/electricity/MT_156
toto2,,24,168,277,1,cuda,multivariate,1,2.661828459007665,0.0,16.7784825830253,23.34708071032553,1.6429610207395535,16.77848249112515,10.798105303538286,19.96982124484376,12.1170317956274,1.6429610117406253,1.057358198142589,49.03495707549155,49.11064419438155,0.3778393527773305,49.60250109434128,277,13.603648441843688,20.362184540727405,,,,,,,,,,,,,,,,,,,,,,,,,,,,,,,,electricity,MT_156,runs/electricity/MT_156
seasonal-naive,,168,168,259,1,cpu,univariate,1,1.7390120774507525e-06,0.0,13.063380498880848,18.52818808519098,1.2791755662376811,13.063380436799044,2.974681960041746,18.13674419864266,3.795772849816759,1.2791755601585866,0.2912829861259423,0.0003101304173469,0.0003975920350395,0.0006936395877486,0.0005109934136271,259,0.0001029763370752,2515140.92806367,,,,,,,,,,,,,,,,,,,,,,,,,,,,,,,,electricity,MT_156,runs/electricity/MT_156
lstm,42.0,168,168,259,1,cuda,multivariate,1,28.16380367102101,26.809210935840383,12.694548885334411,16.44953697699854,1.2430593107136965,12.694548871611278,3.781077264040074,15.825329216493213,4.497144405398871,1.2430593093699174,0.370245791327233,0.7725730538368225,0.7732933473460463,0.0084304880455611,0.7875993847846985,259,0.2002829769626259,1293.1703129633977,128.0,0.001,0.0,2.0,0.3,last,64.0,12.0,,,6.635661602020264,,,,28032.0,28032.0,25543.0,12.0,True,False,220840.0,12.0,single_holdout,0.0,11.759662614037213,26592.0,15.34745950391516,11.461751431925222,28.1632223809138,0.0,early_stopping_mae,electricity,MT_156,runs/electricity/MT_156
chronos2,,168,168,259,1,cuda,multivariate,1,0.6249520489946008,0.0,14.074301708115003,18.52037308394717,1.3781656944326433,14.07430166999908,4.140038522973138,17.928756538104892,4.652686071799024,1.3781656907003046,0.4053955346645286,14.71743918955326,14.7661008417218,0.3377336843219593,14.98977057635784,259,3.8244201180059454,67.72268527209889,,,,,,,,,,,,,,,,,,,,,,,,,,,,,,,,electricity,MT_156,runs/electricity/MT_156
timesfm3,,168,168,259,1,cuda,multivariate,1,1.632728257915005,0.0,14.37806430385051,18.8719759663024,1.4079103451710244,14.378064266708034,3.3873633405542685,18.36733585227662,4.343418974676695,1.4079103415340068,0.3316930422089048,277.05524512566626,277.87647977054235,3.131842033573168,282.7666380442679,259,71.97000826057047,3.598721276538965,,,,,,,,,,,,,,,,,,,,,,,,,,,,,,,,electricity,MT_156,runs/electricity/MT_156
toto2,,168,168,259,1,cuda,multivariate,1,1.6631125689018518,0.0,14.1304631474527,18.70280590438618,1.383665062760135,14.130463109464056,4.432998878329901,17.994207089182115,5.109231567411613,1.38366505904026,0.4340824222952443,49.53600792214274,49.503557775061736,0.4359157768149566,49.99379361979664,259,12.82142146374099,20.200568301451803,,,,,,,,,,,,,,,,,,,,,,,,,,,,,,,,electricity,MT_156,runs/electricity/MT_156
seasonal-naive,,24,168,277,1,cpu,univariate,1,9.699724614620209e-07,0.0,27.24936643260768,40.952986306708446,0.913042319274492,27.249366394554755,17.979917019590836,35.87450034155183,19.78840473060129,0.9130423179994556,0.6024516267756442,0.0003010500222444,0.0003199202314503,0.0001184386980184,0.0003688968718051,277,8.861790411174297e-05,3125779.18397524,,,,,,,,,,,,,,,,,,,,,,,,,,,,,,,,electricity,MT_158,runs/electricity/MT_158
lstm,42.0,24,168,277,1,cuda,multivariate,1,11.066455386113375,9.054602127056569,23.8753940802332,33.40830472006633,0.799990900284667,23.875394091305655,13.80822887369795,29.578929842811263,15.558780684476268,0.7999909006556709,0.4626712091488318,0.7737688720226288,0.7757785106380386,0.0125275910239359,0.7927154656499624,277,0.2148906474467367,1289.0277138220167,128.0,0.001,0.0,2.0,0.3,last,64.0,2.0,,,23.47073173522949,,,,28032.0,28032.0,26551.0,2.0,True,False,202264.0,2.0,single_holdout,0.0,26.230127977387383,26592.0,7.022775437915698,2.031826689140871,11.06590330391191,0.0,early_stopping_mae,electricity,MT_158,runs/electricity/MT_158
chronos2,,24,168,277,1,cuda,multivariate,1,2.292671142145992,0.0,14.16779918862881,20.89464121741371,0.4747193026374889,14.167799179302046,9.084736568456474,17.87110969125582,10.845927442917722,0.4747193023249776,0.3044015341411923,15.138237038627269,15.148493757182296,0.0843669648318965,15.299364877864718,277,4.196132770739496,66.01316381873768,,,,,,,,,,,,,,,,,,,,,,,,,,,,,,,,electricity,MT_158,runs/electricity/MT_158
timesfm3,,24,168,277,1,cuda,multivariate,1,1.965569231193513,0.0,15.259011767401162,21.215291699216174,0.5112824743430728,15.259011766696752,8.588950989415563,18.87147186631316,9.710642195792063,0.5112824743194702,0.2877892868043636,196.65251299738884,198.05478432303167,5.707007014209561,204.09476975910368,277,54.86117525747977,5.049108020379746,,,,,,,,,,,,,,,,,,,,,,,,,,,,,,,,electricity,MT_158,runs/electricity/MT_158
toto2,,24,168,277,1,cuda,multivariate,1,2.6739424110855907,0.0,14.288538087432851,21.012384984598064,0.4787648911638619,14.288538081077016,9.704171176339637,17.936073959055605,10.965933343341058,0.4787648909508974,0.3251568794964424,50.54419604130089,50.54867167331763,0.2775117368039063,50.99509251303971,277,14.001982053508982,19.78291351477501,,,,,,,,,,,,,,,,,,,,,,,,,,,,,,,,electricity,MT_158,runs/electricity/MT_158
seasonal-naive,,168,168,259,1,cpu,univariate,1,1.4668330550193789e-06,0.0,13.184523332664734,20.483091023577256,0.4417727579816197,13.184523403957527,3.1757303463659774,19.921757859436557,4.771634320971602,0.4417727603704215,0.1064089401127003,0.00031478703022,0.0003984829044134,0.0006729774564295,0.0005061505362391,259,0.000103207072243,2509517.9465022525,,,,,,,,,,,,,,,,,,,,,,,,,,,,,,,,electricity,MT_158,runs/electricity/MT_158
lstm,42.0,168,168,259,1,cuda,multivariate,1,27.686281932983547,26.316145188175145,18.902166001738426,26.21691202400896,0.6333533489015921,18.90216603900556,5.465846518595836,25.25278356074141,7.058026610084739,0.6333533501502991,0.1831436776513548,0.7800599560141563,0.781308880262796,0.0103333278732497,0.7965368218719959,259,0.2023589999880641,1279.9035378474723,128.0,0.001,0.0,2.0,0.3,last,64.0,11.0,,,19.90860176086425,,,,28032.0,28032.0,25543.0,11.0,True,False,220840.0,11.0,single_holdout,0.0,19.03477600425049,26592.0,15.23820770299062,11.07793748518452,27.685648146783933,0.0,early_stopping_mae,electricity,MT_158,runs/electricity/MT_158
chronos2,,168,168,259,1,cuda,multivariate,1,0.6368329860270023,0.0,14.758386329772565,21.89633770659571,0.4945080582556129,14.75838630145707,7.141457521849961,20.14784804493338,8.59062056345097,0.4945080573068479,0.2392882401459257,15.424698824062943,15.44038933957118,0.2255021933891958,15.558104938827457,259,3.9990608389489353,64.76520623979114,,,,,,,,,,,,,,,,,,,,,,,,,,,,,,,,electricity,MT_158,runs/electricity/MT_158
timesfm3,,168,168,259,1,cuda,multivariate,1,1.659557618200779,0.0,15.216441548644324,21.16406255596956,0.5098560774629144,15.216441519971502,4.866487421815076,20.22054075019629,6.260880258167132,0.5098560765021765,0.1630610008244866,283.1803020089865,284.2030923096211,4.111375050910231,289.30046728346497,259,73.60860090819187,3.518610553718268,,,,,,,,,,,,,,,,,,,,,,,,,,,,,,,,electricity,MT_158,runs/electricity/MT_158
toto2,,168,168,259,1,cuda,multivariate,1,1.6813587360084057,0.0,13.3298142008493,19.4866674159386,0.4466410073621961,13.329814194061408,4.694555315259306,18.55374951732526,5.968763613799847,0.4466410071347547,0.1573000856224517,51.06156389229,51.10647913219558,0.2969723293222687,51.49811625014991,259,13.236578095238656,19.566990663029834,,,,,,,,,,,,,,,,,,,,,,,,,,,,,,,,electricity,MT_158,runs/electricity/MT_158
seasonal-naive,,24,168,277,1,cpu,univariate,1,1.485925167798996e-06,0.0,20.0688868805533,33.817735886431606,0.7455963398000853,20.06888690406137,16.391167002354685,27.956581495555447,19.06254595152603,0.7455963406734539,0.60896223067807,0.0003038439899682,0.0003202152623381,0.0001237388212891,0.0003828201442956,277,8.869962766766548e-05,3122899.2418981423,,,,,,,,,,,,,,,,,,,,,,,,,,,,,,,,electricity,MT_159,runs/electricity/MT_159
lstm,42.0,24,168,277,1,cuda,multivariate,1,27.58500545308925,25.581801783991978,19.762275541804183,29.125361006932646,0.7342051603453809,19.76227557932747,14.266483700184777,24.215287740794224,16.21281693318023,0.7342051617394404,0.5300263084836364,0.767531106248498,0.7682211103677642,0.0079548040646005,0.7807949092239141,277,0.2127972475718706,1301.708566068014,128.0,0.001,0.0,2.0,0.3,last,64.0,11.0,,,14.437692642211914,,,,28032.0,28032.0,26551.0,11.0,True,False,202264.0,11.0,single_holdout,0.0,14.253873436635104,26592.0,15.05028796987608,10.531513814115897,27.584425172768533,0.0,early_stopping_mae,electricity,MT_159,runs/electricity/MT_159
chronos2,,24,168,277,1,cuda,multivariate,1,2.2627649430651218,0.0,11.35062839759673,20.018242937643603,0.4216968802529671,11.350628413402529,10.093410733320573,15.4016427451758,12.81061723521235,0.4216968808401817,0.3749889141163583,14.748702989891171,14.75512252915449,0.0665464332050169,14.878929452970624,277,4.087168940575793,67.77307325128007,,,,,,,,,,,,,,,,,,,,,,,,,,,,,,,,electricity,MT_159,runs/electricity/MT_159
timesfm3,,24,168,277,1,cuda,multivariate,1,1.975683462107554,0.0,13.35523597033589,22.34082260361877,0.4961717665715572,13.355236000782188,11.379334443032374,17.549901253652212,13.84939573564891,0.4961717677026936,0.4227633630396976,195.2811498194933,196.4913487647885,5.566966196001597,200.9644010104239,277,54.42810360784642,5.08928258819709,,,,,,,,,,,,,,,,,,,,,,,,,,,,,,,,electricity,MT_159,runs/electricity/MT_159
toto2,,24,168,277,1,cuda,multivariate,1,2.677381958113984,0.0,11.862358932962774,20.684852096163496,0.4407086179942654,11.86235894957882,10.506709915043553,16.01153325645973,13.119270737756816,0.4407086186115823,0.3903437446542506,48.352053156122565,48.41365904920475,0.3760630682052842,48.88223176822066,277,13.410583556629716,20.655327848359068,,,,,,,,,,,,,,,,,,,,,,,,,,,,,,,,electricity,MT_159,runs/electricity/MT_159
seasonal-naive,,168,168,259,1,cpu,univariate,1,1.5979167073965073e-06,0.0,13.465491755117409,23.81340897605737,0.5002679733051028,13.465491788878929,4.331737464858668,22.89729664915476,6.554244156970125,0.5002679745594059,0.1609320745089813,0.0003220047801733,0.0003482813813856,8.181624136643516e-05,0.000467337667942,259,9.020487777888776e-05,2871241.6265877183,,,,,,,,,,,,,,,,,,,,,,,,,,,,,,,,electricity,MT_159,runs/electricity/MT_159
lstm,42.0,168,168,259,1,cuda,multivariate,1,26.29393591196276,24.946570838801563,16.375954219974517,22.75166461948,0.6083970476199193,16.375954251486814,4.357307319534308,21.98223966970056,5.878162336112113,0.6083970487906596,0.1618820419969067,0.773250125348568,0.7741698846005219,0.009036034969007,0.7876660441979766,259,0.2005100001115352,1291.7061486007146,128.0,0.001,0.0,2.0,0.3,last,64.0,11.0,,,15.07205295562744,,,,28032.0,28032.0,25543.0,11.0,True,False,220840.0,11.0,single_holdout,0.0,14.3220004035461,26592.0,14.529972436837852,10.41659840196371,26.293358203954995,0.0,early_stopping_mae,electricity,MT_159,runs/electricity/MT_159
chronos2,,168,168,259,1,cuda,multivariate,1,0.6501521440222859,0.0,12.692099189249817,22.1764483109422,0.4715350062117342,12.692099220534564,5.3575169959188,20.685269880315737,8.010131215264453,0.4715350073740206,0.1990416850893962,14.62866715155542,14.64012548827268,0.0959952413393705,14.775912603363397,259,3.791792501462624,68.30542544194992,,,,,,,,,,,,,,,,,,,,,,,,,,,,,,,,electricity,MT_159,runs/electricity/MT_159
timesfm3,,168,168,259,1,cuda,multivariate,1,1.6800890658050776,0.0,13.423719021371674,22.08827833796431,0.4987160388321229,13.423719035778635,5.344301171898213,20.747663419081967,7.592699604852507,0.4987160393673682,0.1985506927351197,279.9296900629997,280.22684871388105,5.203763848397995,285.7235131552443,259,72.57875381689519,3.568537435258483,,,,,,,,,,,,,,,,,,,,,,,,,,,,,,,,electricity,MT_159,runs/electricity/MT_159
toto2,,168,168,259,1,cuda,multivariate,1,1.7367045229766518,0.0,12.793962200679944,21.952878850365728,0.4753194058615679,12.793962213589356,5.619942573720746,20.534571950814183,7.7777768283741935,0.4753194063411764,0.2087912816387021,46.42652999609709,46.458302012691455,0.5316156145436209,47.09845019970089,259,12.032700221287088,21.524678188342325,,,,,,,,,,,,,,,,,,,,,,,,,,,,,,,,electricity,MT_159,runs/electricity/MT_159
seasonal-naive,,24,168,277,1,cpu,univariate,1,6.130430847406387e-07,0.0,144.23336731168197,199.43400297981896,1.0208556694089974,144.23336730595665,74.61610794968118,178.52596768198126,89.05634329842373,1.020855669368475,0.5281182728339197,0.0003040768206119,0.0003260150148334,0.0001268069493092,0.0003878027200698,277,9.030615910887718e-05,3067343.3875759933,,,,,,,,,,,,,,,,,,,,,,,,,,,,,,,,electricity,MT_161,runs/electricity/MT_161
lstm,42.0,24,168,277,1,cuda,multivariate,1,21.91387087898329,19.902639616047964,141.840419763549,194.9248695928789,1.0039188529382914,141.84041988267148,72.12807810800278,175.2884886059437,85.41656689064574,1.0039188537814172,0.5105084824166474,0.7700950372964144,0.770502693493874,0.0076947576793817,0.7808176334947348,277,0.2134292460978031,1297.8539964155889,128.0,0.001,0.0,2.0,0.3,last,64.0,8.0,,,130.61654663085938,,,,28032.0,28032.0,26551.0,8.0,True,False,202264.0,8.0,single_holdout,0.0,191.5800831402157,26592.0,12.31823492795229,7.584404688095674,21.913300536107272,0.0,early_stopping_mae,electricity,MT_161,runs/electricity/MT_161
chronos2,,24,168,277,1,cuda,multivariate,1,2.279500287026167,0.0,106.98833533400663,149.47061667686032,0.7572425904078962,106.98833441787004,58.17811303803533,133.09563921951576,68.14528850810979,0.75724258392366,0.4117733478554483,14.83456208370626,14.874622214834345,0.3170899622069734,14.979923283681272,277,4.120270353509113,67.22859818266227,,,,,,,,,,,,,,,,,,,,,,,,,,,,,,,,electricity,MT_161,runs/electricity/MT_161
timesfm3,,24,168,277,1,cuda,multivariate,1,1.972929967101664,0.0,107.60427338523267,148.124638804979,0.7616020799165899,107.60427328068592,54.49120617176991,133.295275971275,64.71783850977147,0.7616020791766285,0.3856781394639214,195.8905768115073,197.1449895336592,5.414431232374709,203.0326091684401,277,54.6091621008236,5.072408902531437,,,,,,,,,,,,,,,,,,,,,,,,,,,,,,,,electricity,MT_161,runs/electricity/MT_161
toto2,,24,168,277,1,cuda,multivariate,1,2.6662684509065,0.0,113.2150226494322,157.63641320382325,0.8013138699326476,113.21502220066183,64.57934757173881,138.5682751652215,75.28967956265278,0.8013138667563385,0.457080038579978,49.57392602227628,49.596013508010856,0.1998973614589249,49.93856940418482,277,13.738095741719007,20.16291087263451,,,,,,,,,,,,,,,,,,,,,,,,,,,,,,,,electricity,MT_161,runs/electricity/MT_161
seasonal-naive,,168,168,259,1,cpu,univariate,1,1.986045390367508e-06,0.0,108.26710403401704,156.92178772447198,0.7662934660935994,108.26710340388858,27.62968424740365,151.25964744072675,41.85366987228274,0.766293461633673,0.1955575213535071,0.0003050081431865,0.0003371486605709,9.50725789794346e-05,0.0004604458808898,259,8.732150308787823e-05,2966050.63863077,,,,,,,,,,,,,,,,,,,,,,,,,,,,,,,,electricity,MT_161,runs/electricity/MT_161
lstm,42.0,168,168,259,1,cuda,multivariate,1,20.48452834202908,19.123053496005014,135.21923207158352,175.5433920182067,0.9570553766182972,135.21923203920758,40.670245068018026,169.47304862915936,45.85287281100249,0.9570553763891466,0.2878560698386801,0.7758601568639278,0.7762385740818664,0.0069379264458176,0.7876296294853091,259,0.2010457906872034,1288.263728948021,128.0,0.001,0.0,2.0,0.3,last,64.0,8.0,,,127.93528747558594,,,,28032.0,28032.0,25543.0,8.0,True,False,220840.0,8.0,single_holdout,0.0,204.76765769108897,26592.0,11.593962583923712,7.529090912081301,20.48393819108605,0.0,early_stopping_mae,electricity,MT_161,runs/electricity/MT_161
chronos2,,168,168,259,1,cuda,multivariate,1,0.6346534569747746,0.0,120.35265671021142,164.64685571673846,0.851832653019556,120.35265670458725,50.21930287387841,154.53374193472433,56.92469528038799,0.8518326529797492,0.3554424403181362,15.095493057742717,15.1168746185133,0.1578025882278522,15.46771344728768,259,3.915270526194945,66.15123993787196,,,,,,,,,,,,,,,,,,,,,,,,,,,,,,,,electricity,MT_161,runs/electricity/MT_161
timesfm3,,168,168,259,1,cuda,multivariate,1,1.6637510959990325,0.0,114.30091758895652,154.71210306777215,0.80899962272382,114.3009176229546,31.108471040898536,149.5628888022215,39.65917196073533,0.8089996229644517,0.2201796964229563,280.1186419092119,280.90104754855963,2.6982052560925984,285.8040656661615,259,72.75337131507695,3.559972484001253,,,,,,,,,,,,,,,,,,,,,,,,,,,,,,,,electricity,MT_161,runs/electricity/MT_161
toto2,,168,168,259,1,cuda,multivariate,1,1.7086392841301858,0.0,117.77853639609324,160.4688126734218,0.8336135310134127,117.77853663081449,38.47028294073286,153.20709562493602,47.81897639499843,0.8336135326747239,0.2722851665727875,49.53862400725484,49.565628394808144,0.2921960041458653,49.892103392630816,259,12.83749775425531,20.175271299591696,,,,,,,,,,,,,,,,,,,,,,,,,,,,,,,,electricity,MT_161,runs/electricity/MT_161
seasonal-naive,,24,168,277,1,cpu,univariate,1,1.0889489203691485e-06,0.0,87.27881881045951,134.6430377340547,1.0978233048700765,87.27881884491576,75.04157434283618,108.99592553671968,79.19138728047628,1.0978233053034792,0.943898992567865,0.000308034941554,0.0003286694522799,0.0001314676893326,0.0003761611878871,277,9.10414382815361e-05,3042570.5615876424,,,,,,,,,,,,,,,,,,,,,,,,,,,,,,,,electricity,MT_162,runs/electricity/MT_162
lstm,42.0,24,168,277,1,cuda,multivariate,1,59.40020496794023,57.39942333195359,48.55083428335821,78.28823974171472,0.6106892608492568,48.55083423826714,45.30269907298337,62.19256058510957,47.63744747200264,0.6106892602820857,0.5698330877259418,0.7688950281590223,0.7702788970154115,0.0110585948439849,0.7815522607415915,277,0.2133672544732689,1298.2310743221522,128.0,0.001,0.0,2.0,0.3,last,64.0,29.0,,,30.268808364868164,,,,28032.0,28032.0,26551.0,29.0,True,False,202264.0,29.0,single_holdout,0.0,39.22246360755571,26592.0,28.577546867076308,28.82187646487728,59.39959331112914,0.0,early_stopping_mae,electricity,MT_162,runs/electricity/MT_162
chronos2,,24,168,277,1,cuda,multivariate,1,2.2668129769153893,0.0,34.74914310526475,56.50063834900034,0.4370867943122675,34.749143185469315,32.362199233192364,44.24127302299619,35.206628053485865,0.4370867953211083,0.4070629850319355,14.516422059386969,14.515291126982884,0.0794805582398818,14.650425361469388,277,4.020735642174259,68.8928655479098,,,,,,,,,,,,,,,,,,,,,,,,,,,,,,,,electricity,MT_162,runs/electricity/MT_162
timesfm3,,24,168,277,1,cuda,multivariate,1,1.991482934914529,0.0,43.79004179900591,65.23660724524622,0.5508063590157374,43.790041990974736,36.08227117814533,53.12575466796945,37.92970949642533,0.550806361430388,0.4538553423601409,193.68524313904345,193.592025822748,3.307234043848546,196.3135903235525,277,53.6249911529012,5.165502017710148,,,,,,,,,,,,,,,,,,,,,,,,,,,,,,,,electricity,MT_162,runs/electricity/MT_162
toto2,,24,168,277,1,cuda,multivariate,1,2.669832894112915,0.0,47.77291333316752,80.917866019874,0.6009043008772312,47.77291354948857,50.83778020148538,59.59351257013228,54.83767443193885,0.6009043035981926,0.6394552611241898,48.70124603621662,48.77078766255414,0.3768215067842601,49.344141967594624,277,13.509508182527496,20.504077295593746,,,,,,,,,,,,,,,,,,,,,,,,,,,,,,,,electricity,MT_162,runs/electricity/MT_162
seasonal-naive,,168,168,259,1,cpu,univariate,1,1.912936568260193e-06,0.0,29.59766626244061,48.9597245350601,0.3722897288887249,29.597666259376723,8.832509403782895,46.2101593801195,16.20771578093873,0.3722897288501862,0.1110983718170453,0.0003029126673936,0.0003659333602226,0.0004368802982723,0.0004782108590006,259,9.477674029767512e-05,2732738.002874248,,,,,,,,,,,,,,,,,,,,,,,,,,,,,,,,electricity,MT_162,runs/electricity/MT_162
lstm,42.0,168,168,259,1,cuda,multivariate,1,42.96538811293431,41.60998061392456,44.380673339424334,60.24927403581097,0.558235527724709,44.38067331230465,10.376193366604497,58.17758065996705,15.693790767480111,0.5582355273835881,0.1305153649986333,0.7763069588690996,0.7775380315697792,0.0096512683341413,0.7906424580141902,259,0.2013823501765728,1286.11072307433,128.0,0.001,0.0,2.0,0.3,last,64.0,20.0,,,42.49885559082031,,,,28032.0,28032.0,25543.0,20.0,True,False,220840.0,20.0,single_holdout,0.0,50.89109632572445,26592.0,23.02305288403295,18.586927729891613,42.96480436204001,0.0,early_stopping_mae,electricity,MT_162,runs/electricity/MT_162
chronos2,,168,168,259,1,cuda,multivariate,1,0.6854445380158722,0.0,31.758324341687192,48.6719739750988,0.3994672368520711,31.75832439026016,11.66808674728818,45.14742631532412,18.21956700938091,0.3994672374630387,0.1467652487625503,14.935689978301523,14.944393629150674,0.0764646307147512,15.079330583103,259,3.870597949950025,66.91472567005935,,,,,,,,,,,,,,,,,,,,,,,,,,,,,,,,electricity,MT_162,runs/electricity/MT_162
timesfm3,,168,168,259,1,cuda,multivariate,1,1.667103264015168,0.0,43.176714204475054,61.81602753657171,0.5430917114532158,43.1767142373828,15.427629046789072,57.66717854529143,22.307827521624567,0.5430917118671407,0.1940540779228082,280.9522720053792,281.9696231574381,3.906709944292302,285.71721457410604,259,73.03013239777647,3.546481315264406,,,,,,,,,,,,,,,,,,,,,,,,,,,,,,,,electricity,MT_162,runs/electricity/MT_162
toto2,,168,168,259,1,cuda,multivariate,1,1.715402047149837,0.0,37.76893504890236,59.893417506808575,0.4750707864969438,37.76893512743611,19.33414126137245,53.0440086552379,27.866698572761692,0.4750707874847686,0.2431915457343604,49.07251801341772,49.16125885390724,0.6210244605486882,49.5445424458012,259,12.732766043161972,20.34122036971643,,,,,,,,,,,,,,,,,,,,,,,,,,,,,,,,electricity,MT_162,runs/electricity/MT_162
seasonal-naive,,24,168,277,1,cpu,univariate,1,9.35979187488556e-07,0.0,232.95561559794183,332.9155676372504,0.959337527868502,232.95561425992784,165.8682867263729,277.2703533533719,184.5994243191905,0.959337522358409,0.6830643327976005,0.0003038439899682,0.0003235614673648,0.0001348007408696,0.0003766268491744,277,8.962652646005154e-05,3090602.8710536365,,,,,,,,,,,,,,,,,,,,,,,,,,,,,,,,electricity,MT_163,runs/electricity/MT_163
lstm,42.0,24,168,277,1,cuda,multivariate,1,50.53826229902916,48.5380590329878,200.3783304556469,264.485533930539,0.8251805893767705,200.37833018953063,103.48330098755984,238.54597905701516,114.43640276568011,0.8251805882808739,0.4261559176852694,0.7727029733359814,0.7742093178352831,0.008920653500533,0.7857760414481163,277,0.2144559810403734,1291.6403574113983,128.0,0.001,0.0,2.0,0.3,last,64.0,23.0,,,119.26852416992188,,,,28032.0,28032.0,26551.0,23.0,True,False,202264.0,23.0,single_holdout,0.0,106.06633843145391,26592.0,26.191478213993832,22.34658081899397,50.53770816791803,0.0,early_stopping_mae,electricity,MT_163,runs/electricity/MT_163
chronos2,,24,168,277,1,cuda,multivariate,1,2.330868910998106,0.0,155.67615298788758,215.40212580138345,0.6410919752766768,155.67615206077016,101.52075839773411,185.0416689342609,110.46133106557016,0.6410919714587026,0.4180739457112197,15.392636880278587,15.422144808070165,0.1202053002280174,15.645213425159454,277,4.271934111835435,64.84182404231582,,,,,,,,,,,,,,,,,,,,,,,,,,,,,,,,electricity,MT_163,runs/electricity/MT_163
timesfm3,,24,168,277,1,cuda,multivariate,1,1.9864579641725868,0.0,164.33512566264642,226.859750269954,0.6767506024291594,164.33512454873647,106.79033068073836,194.8463959721929,116.40078036019858,0.6767505978419525,0.4397746393559122,195.08586986921728,195.6683997315311,2.282080010527649,200.23530097678304,277,54.20014672563411,5.110687271792791,,,,,,,,,,,,,,,,,,,,,,,,,,,,,,,,electricity,MT_163,runs/electricity/MT_163
toto2,,24,168,277,1,cuda,multivariate,1,2.690437837038189,0.0,188.2063986621035,257.7482113010656,0.7750551999276694,188.20639753309263,125.75653354482638,219.81099019771688,134.84402339548592,0.7750551952782753,0.5178796042093435,51.47943506017327,51.47468973882496,0.3018722560577059,51.93245438858867,277,14.258489057654517,19.427023359904712,,,,,,,,,,,,,,,,,,,,,,,,,,,,,,,,electricity,MT_163,runs/electricity/MT_163
seasonal-naive,,168,168,259,1,cpu,univariate,1,1.8479768186807632e-06,0.0,165.03507736382798,233.92321913019933,0.6796330825656237,165.03507715572715,61.2845117762339,218.99579285551084,82.3839779310808,0.679633081708641,0.2523765390807765,0.0003040768206119,0.0003438917596367,0.0001351409458762,0.000478932633996,259,8.90679657459259e-05,2907891.7187669915,,,,,,,,,,,,,,,,,,,,,,,,,,,,,,,,electricity,MT_163,runs/electricity/MT_163
lstm,42.0,168,168,259,1,cuda,multivariate,1,39.661189205013216,38.30034594517201,173.07184798753883,231.33924758438093,0.7127294114195442,173.07184735934914,57.84398960512967,219.6741183458077,72.67407277300623,0.7127294088325881,0.2382080803135045,0.7743309251964092,0.775252004121664,0.0077820416266199,0.7866009837016463,259,0.2007902690675109,1289.9031472133613,128.0,0.001,0.0,2.0,0.3,last,64.0,18.0,,,151.80519104003906,,,,28032.0,28032.0,25543.0,18.0,True,False,220840.0,18.0,single_holdout,0.0,119.56718056887256,26592.0,20.88731511007063,17.41303083510138,39.66058420203626,0.0,early_stopping_mae,electricity,MT_163,runs/electricity/MT_163
chronos2,,168,168,259,1,cuda,multivariate,1,0.6477637030184269,0.0,163.71944669178905,226.9810945407332,0.6742151669113381,163.71944613210147,71.96925290410498,210.5737577923539,84.89367193588947,0.6742151646064815,0.2963775094511053,15.003970125690104,15.045236986720193,0.3992941953851627,15.17196036875248,259,3.89671637956053,66.466217905551,,,,,,,,,,,,,,,,,,,,,,,,,,,,,,,,electricity,MT_163,runs/electricity/MT_163
timesfm3,,168,168,259,1,cuda,multivariate,1,1.6394373108632865,0.0,169.42551770414536,236.80840987964828,0.6977134116082322,169.42551708034566,75.06940733025829,218.8428340360159,90.65189171602908,0.6977134090393546,0.3091442954140138,274.8606700915843,275.8569545130529,4.872499474115963,279.91073669400066,259,71.44695121888071,3.625067208347949,,,,,,,,,,,,,,,,,,,,,,,,,,,,,,,,electricity,MT_163,runs/electricity/MT_163
toto2,,168,168,259,1,cuda,multivariate,1,1.6656544669531286,0.0,187.8986106040745,258.26922376208216,0.7737876939525974,187.89861016501192,73.05827857434763,243.83075084162425,85.30917726015217,0.7737876921444882,0.3008622401222004,51.88822513446212,51.93041086207687,0.648698015929948,52.597484341822565,259,13.44997641327791,19.25653934562394,,,,,,,,,,,,,,,,,,,,,,,,,,,,,,,,electricity,MT_163,runs/electricity/MT_163
seasonal-naive,,24,168,277,1,cpu,univariate,1,7.099006325006485e-07,0.0,70.69745794817285,107.45816811179569,0.9707475887240906,70.69745812876053,43.51069691497951,93.85486727492612,52.42560523419365,0.970747591203742,0.5974458677833225,0.0003040768206119,0.0003551432210615,0.0005393286731877,0.0003867782652378,277,9.837467223405838e-05,2815765.4171486995,,,,,,,,,,,,,,,,,,,,,,,,,,,,,,,,electricity,MT_166,runs/electricity/MT_166
lstm,42.0,24,168,277,1,cuda,multivariate,1,18.3000877618324,16.299791543977335,73.7572193857278,109.0286604139434,1.0127612073715229,73.7572204978941,45.20897260061552,96.90053235493887,50.06580475853536,1.012761222642691,0.6207649102873467,0.7733630482107401,0.7761963668349956,0.0202023673151474,0.7919488474726677,277,0.2150063936132937,1288.3337808930776,128.0,0.001,0.0,2.0,0.3,last,64.0,6.0,,,77.04373931884766,,,,28032.0,28032.0,26551.0,6.0,True,False,202264.0,6.0,single_holdout,0.0,76.14612800780742,26592.0,10.481211484177038,5.818580059800297,18.2995468149893,0.0,early_stopping_mae,electricity,MT_166,runs/electricity/MT_166
chronos2,,24,168,277,1,cuda,multivariate,1,2.262207332998514,0.0,56.25369616622098,83.69224287083625,0.7724201335528779,56.25369715102287,33.182383666223416,73.3002853931169,40.46444044748036,0.7724201470752036,0.4556276826207515,14.899855945259333,14.907407728175125,0.0659775962097243,15.009719645604491,277,4.12935194070451,67.0807438982159,,,,,,,,,,,,,,,,,,,,,,,,,,,,,,,,electricity,MT_166,runs/electricity/MT_166
timesfm3,,24,168,277,1,cuda,multivariate,1,1.980216932017356,0.0,62.09269461419465,90.48485253534736,0.8525954867896152,62.09269460288808,36.37143265337627,79.82862020071718,42.67874959392715,0.8525954866343645,0.4994165500630729,194.52210702002048,194.92116460025252,2.318958771902063,197.265762463212,277,53.99316259426996,5.1302792185282495,,,,,,,,,,,,,,,,,,,,,,,,,,,,,,,,electricity,MT_166,runs/electricity/MT_166
toto2,,24,168,277,1,cuda,multivariate,1,2.6612779330462217,0.0,58.61207113713564,88.14805743925375,0.8048030067532262,58.61207144705174,38.50746560956512,75.74068470133052,45.17517270735657,0.8048030110086877,0.5287464425632473,48.67478599771857,48.69859425152656,0.2302502578381515,49.065788043662906,277,13.489510607672855,20.53447364075921,,,,,,,,,,,,,,,,,,,,,,,,,,,,,,,,electricity,MT_166,runs/electricity/MT_166
seasonal-naive,,168,168,259,1,cpu,univariate,1,1.6558915376663208e-06,0.0,76.13671202255448,108.86457840516007,1.045434047479573,76.13671220881595,17.06650659233482,104.7246945431688,29.793659110731564,1.0454340500371313,0.2343403936050717,0.0003059394657611,0.000350279769497,0.0001020622446464,0.0005335547029972,259,9.07224602997303e-05,2854860.8486179905,,,,,,,,,,,,,,,,,,,,,,,,,,,,,,,,electricity,MT_166,runs/electricity/MT_166
lstm,42.0,168,168,259,1,cuda,multivariate,1,15.2799745160155,13.925295807886869,88.89965885749392,123.97308021236388,1.220682213744813,88.89965798216582,22.925314731760817,119.16985626392248,34.24027542367095,1.220682201725673,0.3147877539375212,0.7741609588265419,0.7747012149168603,0.0098361587373808,0.7853595772758126,259,0.2006476146634668,1290.8202294575185,128.0,0.001,0.0,2.0,0.3,last,64.0,5.0,,,94.11519622802734,,,,28032.0,28032.0,25543.0,5.0,True,False,220840.0,5.0,single_holdout,0.0,78.45231349609458,26592.0,9.09474780689925,4.830548000987619,15.279359940905124,0.0,early_stopping_mae,electricity,MT_166,runs/electricity/MT_166
chronos2,,168,168,259,1,cuda,multivariate,1,0.6396004401613027,0.0,64.39169709545261,92.457385760021,0.8841631156679821,64.3916975985935,17.808663458693513,86.84572820151269,31.781877421173444,0.8841631225766151,0.2445309578683705,14.915720093995333,14.934941620159622,0.1049719022013031,15.13139340095222,259,3.868149879621342,66.95707458609485,,,,,,,,,,,,,,,,,,,,,,,,,,,,,,,,electricity,MT_166,runs/electricity/MT_166
timesfm3,,168,168,259,1,cuda,multivariate,1,1.6362287029623983,0.0,65.91320755262983,93.54592804039224,0.905054992835702,65.91320787920573,16.398005432662547,88.38922037509566,30.68913170203505,0.9050549973199196,0.2251611966771304,278.8845950271934,279.46717345558505,3.1383952701084703,281.7604898009449,259,72.38199792499654,3.5782377859807104,,,,,,,,,,,,,,,,,,,,,,,,,,,,,,,,electricity,MT_166,runs/electricity/MT_166
toto2,,168,168,259,1,cuda,multivariate,1,1.6888869348913431,0.0,64.68549452759058,92.49655112836982,0.8881972515067889,64.68549533324139,16.380390882353158,87.32338485910947,30.558863605370647,0.8881972625691893,0.2249193310890942,48.7670109141618,48.82857212203494,0.483842518307195,49.28956453222781,259,12.646600179607049,20.479812465143304,,,,,,,,,,,,,,,,,,,,,,,,,,,,,,,,electricity,MT_166,runs/electricity/MT_166
seasonal-naive,,24,168,195,1,cpu,univariate,1,9.93022695183754e-07,0.0,0.5126616172365144,0.7671702578522376,0.7700967016481425,0.5126616166452992,0.2316907224864006,0.7075146708026172,0.2973662118913068,0.7700967007600461,0.3480351467524376,0.0003031454980373,0.0003285538882781,0.0001155159874942,0.0004211906343698,195,6.40680082142353e-05,3043640.741069157,,,,,,,,,,,,,,,,,,,,,,,,,,,,,,,,household,household,runs/household/household
lstm,42.0,24,168,195,1,cuda,multivariate,7,7.935419005108997,6.11289088614285,0.4220594134754859,0.6053917037454014,0.6339982383878596,0.4220594126623931,0.175410396735692,0.5627982617397245,0.2236374549395027,0.6339982371664691,0.2634934300116104,0.7834658026695251,0.7852829753970488,0.0148841357830723,0.7966872537508606,195,0.1531301802024245,1273.426307878873,128.0,0.001,0.0,2.0,0.3,last,64.0,2.0,,,0.4919580519199371,,,,27648.0,27648.0,17084.0,2.0,True,False,205336.0,2.0,single_holdout,0.0,0.6120328617216657,26208.0,4.78874260908924,1.3241482770536095,7.934468419058248,0.0,early_stopping_mae,household,household,runs/household/household
chronos2,,24,168,195,1,cuda,multivariate,7,2.252792147221044,0.0,0.4155807984658541,0.6184076175662818,0.6242663609029417,0.4155807983995726,0.198337788758336,0.5626229323727717,0.2573383416187465,0.6242663608033767,0.2979339037673947,14.25520610064268,14.26202030136035,0.0860624606459472,14.408589317463338,195,2.7810939587652683,70.11629340512279,,,,,,,,,,,,,,,,,,,,,,,,,,,,,,,,household,household,runs/household/household
timesfm3,,24,168,195,1,cuda,multivariate,7,1.972001653863117,0.0,0.4106151914526509,0.6063672585087029,0.6168072544397707,0.410615191034188,0.1908716308032895,0.5537468050853476,0.2477103061282251,0.616807253811175,0.2867185846917075,191.1277279723436,191.62263134852623,2.864815618125921,194.24691181629896,195,37.36641311296262,5.218590272780381,,,,,,,,,,,,,,,,,,,,,,,,,,,,,,,,household,household,runs/household/household
toto2,,24,168,195,1,cuda,multivariate,7,2.696536757983268,0.0,0.4172275363475594,0.627428671398824,0.6267400148074728,0.4172275359017094,0.2020569108837536,0.5723252884240696,0.257781450161858,0.6267400141377375,0.3035205979639476,47.86311299540103,47.87725622717959,0.249930021338923,48.279639007523656,195,9.336064964300022,20.886744120317964,,,,,,,,,,,,,,,,,,,,,,,,,,,,,,,,household,household,runs/household/household
seasonal-naive,,168,168,135,1,cpu,univariate,1,2.118060365319252e-06,0.0,0.5771606914318007,0.8403049455505299,0.8669842442827874,0.5771606906155202,0.1654067535190095,0.8154889794352018,0.203461950194345,0.8669842430566085,0.248466417287001,0.0003180466592311,0.0003959155744976,0.000149288128641,0.0007584691047668,135,5.344860255718231e-05,2525791.013068479,,,,,,,,,,,,,,,,,,,,,,,,,,,,,,,,household,household,runs/household/household
lstm,42.0,168,168,135,1,cuda,multivariate,7,10.50249908096157,9.672159467125311,0.4413184229448779,0.6420182950475055,0.6629282365986419,0.4413184227804232,0.130336628542698,0.6212366574674724,0.1626297036920907,0.6629282363516057,0.1957856885906962,0.7875850424170494,0.7881863197932641,0.0077506576759986,0.8012410253286362,135,0.1064051531720906,1268.7355449943527,128.0,0.001,0.0,2.0,0.3,last,64.0,9.0,,,0.4754309952259063,,,,27648.0,27648.0,10853.0,9.0,True,False,223912.0,9.0,single_holdout,0.0,0.6145645165977598,26208.0,5.818210666067898,3.853948801057413,10.50169691699557,0.0,early_stopping_mae,household,household,runs/household/household
chronos2,,168,168,135,1,cuda,multivariate,7,0.6483420699369162,0.0,0.4648661858939305,0.6786915030706143,0.6983006030262452,0.4648661853593475,0.1605223395179704,0.6476783026130778,0.2035729566108739,0.6983006022232191,0.2411292752322469,14.4630940631032,14.49867700295592,0.1139468590397395,14.716172055341303,135,1.957321395399049,68.97181031042521,,,,,,,,,,,,,,,,,,,,,,,,,,,,,,,,household,household,runs/household/household
timesfm3,,168,168,135,1,cuda,multivariate,7,1.6724237999878824,0.0,0.4615930992242678,0.66442260273647,0.6933839227760192,0.4615930987830688,0.1570239998535484,0.6341999912734358,0.1988483300662155,0.6933839221132705,0.2358742302937581,275.79507301561534,276.38533572424893,2.469639224255181,280.4886629106477,135,37.312020322773606,3.6181369658399865,,,,,,,,,,,,,,,,,,,,,,,,,,,,,,,,household,household,runs/household/household
toto2,,168,168,135,1,cuda,multivariate,7,1.726463692029938,0.0,0.465546166263455,0.6881983741930643,0.6993220382617892,0.4655461656036154,0.1693239327305233,0.6531264651350632,0.2177013709052521,0.6993220372706086,0.2543506237286931,49.2643010802567,49.26288128416572,0.4601638543875807,49.785905820317566,135,6.650488973362371,20.299259278637123,,,,,,,,,,,,,,,,,,,,,,,,,,,,,,,,household,household,runs/household/household
