dataset,model,horizon,metric,observation_type,observation_count,mean,std,series_mean,series_std,metric_series,completed_series,eligible_series,requested_series
electricity,seasonal-naive,24,mae,forecast window,2630,69.40390411009507,94.19289367172713,69.40390411009506,70.68805244612913,10,10,10,10
electricity,seasonal-naive,24,rmse,forecast window,2630,86.99879692864664,108.8285572735899,86.99879692864664,83.95394705411333,10,10,10,10
electricity,seasonal-naive,24,mase,forecast window,2630,1.0512231032484138,0.8597328666445779,1.0512231032484136,0.3899689725354697,10,10,10,10
electricity,seasonal-naive,24,batch_latency_ms,full inference batch,2630,0.00036300687622203,0.00030057041960579353,0.00036300687622203,1.7559001649576115e-05,10,10,10,10
electricity,lstm,24,mae,forecast window,2630,59.57573462815756,87.8909774230833,59.575734628157555,73.65536233264125,10,10,10,10
electricity,lstm,24,rmse,forecast window,2630,73.66453469344373,101.06637115816443,73.66453469344374,86.41306442299935,10,10,10,10
electricity,lstm,24,mase,forecast window,2630,0.7782214270512134,0.569131198810358,0.7782214270512134,0.24147729488592842,10,10,10,10
electricity,lstm,24,batch_latency_ms,full inference batch,2630,1.324575995325249,0.017756575150694634,1.324575995325249,0.007553061181989525,10,10,10,10
electricity,chronos2,24,mae,forecast window,2630,36.932230414817816,49.601991573643794,36.93223041481782,39.260210448035075,10,10,10,10
electricity,chronos2,24,rmse,forecast window,2630,47.722185118168525,60.63887141453057,47.72218511816852,48.56382644610108,10,10,10,10
electricity,chronos2,24,mase,forecast window,2630,0.5428780894221582,0.4724519875003331,0.5428780894221583,0.2558655041256321,10,10,10,10
electricity,chronos2,24,batch_latency_ms,full inference batch,2630,15.766260952656884,0.7639755010104406,15.766260952656884,0.6632358038836949,10,10,10,10
electricity,timesfm3,24,mae,forecast window,2630,39.790039339472045,53.20363882041664,39.790039339472045,41.551835557279915,10,10,10,10
electricity,timesfm3,24,rmse,forecast window,2630,50.82843427330144,63.97690922625313,50.82843427330145,51.078815087555,10,10,10,10
electricity,timesfm3,24,mase,forecast window,2630,0.5888344706428001,0.4801462257086777,0.5888344706428001,0.25620808114264854,10,10,10,10
electricity,timesfm3,24,batch_latency_ms,full inference batch,2630,280.22600545985233,30.07620307307937,280.22600545985233,23.77306365494649,10,10,10,10
electricity,toto2,24,mae,forecast window,2630,38.614049052665095,53.08642710566464,38.614049052665095,41.1323022188512,10,10,10,10
electricity,toto2,24,rmse,forecast window,2630,49.63379902042009,63.732226504011756,49.63379902042009,50.44552713648693,10,10,10,10
electricity,toto2,24,mase,forecast window,2630,0.5671167610811545,0.5166360577348791,0.5671167610811545,0.2693531195820095,10,10,10,10
electricity,toto2,24,batch_latency_ms,full inference batch,2630,52.45403428243282,1.3652535712774938,52.45403428243283,1.2286069299417788,10,10,10,10
electricity,seasonal-naive,168,mae,forecast window,2450,48.63336778224757,55.33818766098925,48.633367782247575,53.086902005406124,10,10,10,10
electricity,seasonal-naive,168,rmse,forecast window,2450,69.36788028445613,74.03121992358913,69.36788028445615,70.01858754218391,10,10,10,10
electricity,seasonal-naive,168,mase,forecast window,2450,0.6910874275145719,0.35874435155327644,0.691087427514572,0.29835287845979785,10,10,10,10
electricity,seasonal-naive,168,batch_latency_ms,full inference batch,2450,0.00036225483125563004,0.0001893629106974483,0.00036225483125563,1.8612021580643404e-05,10,10,10,10
electricity,lstm,168,mae,forecast window,2450,53.443243022460344,58.59767621969788,53.443243022460344,56.44192118193934,10,10,10,10
electricity,lstm,168,rmse,forecast window,2450,71.43954204880205,74.21926749879695,71.43954204880205,71.24345387040498,10,10,10,10
electricity,lstm,168,mase,forecast window,2450,0.7768219404529324,0.3027044963917242,0.7768219404529325,0.20961411069398175,10,10,10,10
electricity,lstm,168,batch_latency_ms,full inference batch,2450,1.331761000316818,0.015601749109444061,1.331761000316818,0.006144530833816621,10,10,10,10
electricity,chronos2,168,mae,forecast window,2450,41.24750423340147,48.08624410804391,41.24750423340147,44.83939909091208,10,10,10,10
electricity,chronos2,168,rmse,forecast window,2450,57.61738331715739,63.51607279069933,57.6173833171574,58.28951920714441,10,10,10,10
electricity,chronos2,168,mase,forecast window,2450,0.5931727070611316,0.32619708999555985,0.5931727070611313,0.2631543903796638,10,10,10,10
electricity,chronos2,168,batch_latency_ms,full inference batch,2450,16.419437308415617,0.5451820319450074,16.419437308415617,0.515994283319477,10,10,10,10
electricity,timesfm3,168,mae,forecast window,2450,43.13523309151753,49.26520766540176,43.13523309151753,46.19228497623716,10,10,10,10
electricity,timesfm3,168,rmse,forecast window,2450,59.39425862883959,64.98829389225423,59.39425862883959,60.007300762810466,10,10,10,10
electricity,timesfm3,168,mase,forecast window,2450,0.6199514499723726,0.31525785882963203,0.6199514499723727,0.2498041180177034,10,10,10,10
electricity,timesfm3,168,batch_latency_ms,full inference batch,2450,358.16758598799686,19.752857692685097,358.16758598799686,17.508672267416976,10,10,10,10
electricity,toto2,168,mae,forecast window,2450,42.44861979429467,49.166735341045914,42.44861979429468,45.561244003604926,10,10,10,10
electricity,toto2,168,rmse,forecast window,2450,59.08475254501663,64.64247374554073,59.08475254501663,59.27077354448537,10,10,10,10
electricity,toto2,168,mase,forecast window,2450,0.6098332948792263,0.33650145194966113,0.6098332948792263,0.25698940032363915,10,10,10,10
electricity,toto2,168,batch_latency_ms,full inference batch,2450,52.97844389843165,1.2519503290937868,52.97844389843166,1.0485026056028337,10,10,10,10
etth1,seasonal-naive,24,mae,forecast window,145,1.7176551724137932,0.9770599598957825,1.7176551724137932,,1,1,1,1
etth1,seasonal-naive,24,rmse,forecast window,145,1.978770224764,1.0533783338560485,1.978770224764,,1,1,1,1
etth1,seasonal-naive,24,mase,forecast window,145,0.7625283177499002,0.4337517212567927,0.7625283177499002,,1,1,1,1
etth1,seasonal-naive,24,batch_latency_ms,full inference batch,145,0.000354365028184,0.000191254464081,0.000354365028184,,1,1,1,1
etth1,lstm,24,mae,forecast window,145,1.2807106066465517,0.8343308509378997,1.2807106066465517,,1,1,1,1
etth1,lstm,24,rmse,forecast window,145,1.549938202526146,0.955617293894842,1.549938202526146,,1,1,1,1
etth1,lstm,24,mase,forecast window,145,0.5685530600640171,0.3703891854605929,0.5685530600640171,,1,1,1,1
etth1,lstm,24,batch_latency_ms,full inference batch,145,1.331354030568538,0.0080497812951206,1.331354030568538,,1,1,1,1
etth1,chronos2,24,mae,forecast window,145,1.2926749487298852,0.7934275167001742,1.2926749487298852,,1,1,1,1
etth1,chronos2,24,rmse,forecast window,145,1.5536841340654155,0.9136409664103248,1.5536841340654155,,1,1,1,1
etth1,chronos2,24,mase,forecast window,145,0.5738644577114087,0.3522307383243008,0.5738644577114087,,1,1,1,1
etth1,chronos2,24,batch_latency_ms,full inference batch,145,13.56258100251956,0.1358848427365525,13.56258100251956,,1,1,1,1
etth1,timesfm3,24,mae,forecast window,145,1.2379260966293102,0.814808084436297,1.2379260966293102,,1,1,1,1
etth1,timesfm3,24,rmse,forecast window,145,1.491160802654104,0.9385627381268078,1.491160802654104,,1,1,1,1
etth1,timesfm3,24,mase,forecast window,145,0.5495594919875131,0.3617223339659643,0.5495594919875131,,1,1,1,1
etth1,timesfm3,24,batch_latency_ms,full inference batch,145,115.87348781879349,2.5239497630517262,115.87348781879348,,1,1,1,1
etth1,toto2,24,mae,forecast window,145,1.2668229707068963,0.7850878587013098,1.2668229707068963,,1,1,1,1
etth1,toto2,24,rmse,forecast window,145,1.5374443397535549,0.9089383082231752,1.5374443397535549,,1,1,1,1
etth1,toto2,24,mase,forecast window,145,0.5623878437617795,0.3485284670613516,0.5623878437617795,,1,1,1,1
etth1,toto2,24,batch_latency_ms,full inference batch,145,46.3946839200397,0.2821488792678023,46.3946839200397,,1,1,1,1
etth1,seasonal-naive,168,mae,forecast window,139,2.8983103802672154,1.2814362679243996,2.8983103802672154,,1,1,1,1
etth1,seasonal-naive,168,rmse,forecast window,139,3.542968251282855,1.3554198958499046,3.542968251282855,,1,1,1,1
etth1,seasonal-naive,168,mase,forecast window,139,1.2866632220927636,0.56887520695493,1.2866632220927636,,1,1,1,1
etth1,seasonal-naive,168,batch_latency_ms,full inference batch,139,0.0003806898276582,9.292080088515496e-05,0.0003806898276582,,1,1,1,1
etth1,lstm,168,mae,forecast window,139,2.338391475934375,0.9792370124406491,2.338391475934375,,1,1,1,1
etth1,lstm,168,rmse,forecast window,139,2.7841951189298286,1.0783269643069364,2.7841951189298286,,1,1,1,1
etth1,lstm,168,mase,forecast window,139,1.03809527489688,0.4347181924329353,1.03809527489688,,1,1,1,1
etth1,lstm,168,batch_latency_ms,full inference batch,139,1.339923218562663,0.0186146447244826,1.339923218562663,,1,1,1,1
etth1,chronos2,168,mae,forecast window,139,2.304067364704393,1.0441504260311052,2.304067364704393,,1,1,1,1
etth1,chronos2,168,rmse,forecast window,139,2.763617145301685,1.133967122410368,2.763617145301685,,1,1,1,1
etth1,chronos2,168,mase,forecast window,139,1.0228575792203507,0.4635355690865828,1.0228575792203507,,1,1,1,1
etth1,chronos2,168,batch_latency_ms,full inference batch,139,13.498838069654411,0.0737192615297731,13.498838069654411,,1,1,1,1
etth1,timesfm3,168,mae,forecast window,139,2.1127217202983046,0.983336535163723,2.1127217202983046,,1,1,1,1
etth1,timesfm3,168,rmse,forecast window,139,2.5398915225242127,1.0725218857118248,2.5398915225242127,,1,1,1,1
etth1,timesfm3,168,mase,forecast window,139,0.9379124315090638,0.4365381166038678,0.9379124315090638,,1,1,1,1
etth1,timesfm3,168,batch_latency_ms,full inference batch,139,152.716277537385,1.2969982746152844,152.716277537385,,1,1,1,1
etth1,toto2,168,mae,forecast window,139,2.2488647434310423,1.115708584871537,2.2488647434310423,,1,1,1,1
etth1,toto2,168,rmse,forecast window,139,2.6975858303517706,1.2125891225200969,2.6975858303517706,,1,1,1,1
etth1,toto2,168,mase,forecast window,139,0.9983511691963876,0.495302784857368,0.9983511691963876,,1,1,1,1
etth1,toto2,168,batch_latency_ms,full inference batch,139,46.09056809253776,0.2916487954985287,46.09056809253776,,1,1,1,1
household,seasonal-naive,24,mae,forecast window,125,0.5076610106433334,0.259708922948591,0.5076610106433334,,1,1,1,1
household,seasonal-naive,24,rmse,forecast window,125,0.6994271951126972,0.3346952608545556,0.6994271951126972,,1,1,1,1
household,seasonal-naive,24,mase,forecast window,125,0.7625850204257271,0.3901227987954321,0.7625850204257271,,1,1,1,1
household,seasonal-naive,24,batch_latency_ms,full inference batch,125,0.0003881622105836,0.0002517157284056,0.0003881622105836,,1,1,1,1
household,lstm,24,mae,forecast window,125,0.4165022350286666,0.1931180531772094,0.4165022350286666,,1,1,1,1
household,lstm,24,rmse,forecast window,125,0.5567203461201697,0.2450321929702315,0.5567203461201697,,1,1,1,1
household,lstm,24,mase,forecast window,125,0.6256505005263153,0.2900930570580796,0.6256505005263153,,1,1,1,1
household,lstm,24,batch_latency_ms,full inference batch,125,1.3523753080517054,0.0118030464649454,1.3523753080517054,,1,1,1,1
household,chronos2,24,mae,forecast window,125,0.3928559242799999,0.1997680240910209,0.3928559242799999,,1,1,1,1
household,chronos2,24,rmse,forecast window,125,0.536533182407757,0.2641165682108673,0.536533182407757,,1,1,1,1
household,chronos2,24,mase,forecast window,125,0.5901301001268175,0.300082337500777,0.5901301001268175,,1,1,1,1
household,chronos2,24,batch_latency_ms,full inference batch,125,15.215618094429374,0.1675876876108507,15.215618094429374,,1,1,1,1
household,timesfm3,24,mae,forecast window,125,0.3943126459166666,0.1984078366065782,0.3943126459166666,,1,1,1,1
household,timesfm3,24,rmse,forecast window,125,0.5349530786439479,0.2629925828912335,0.5349530786439479,,1,1,1,1
household,timesfm3,24,mase,forecast window,125,0.5923183203678092,0.2980391264231878,0.5923183203678092,,1,1,1,1
household,timesfm3,24,batch_latency_ms,full inference batch,125,288.9940741416067,1.8973671735706819,288.9940741416067,,1,1,1,1
household,toto2,24,mae,forecast window,125,0.39666117847,0.2147919109851349,0.39666117847,,1,1,1,1
household,toto2,24,rmse,forecast window,125,0.5406365814486025,0.2788104624056439,0.5406365814486025,,1,1,1,1
household,toto2,24,mase,forecast window,125,0.5958461779491597,0.3226505293725594,0.5958461779491597,,1,1,1,1
household,toto2,24,batch_latency_ms,full inference batch,125,52.57394150458276,0.8000499909323592,52.57394150458276,,1,1,1,1
household,seasonal-naive,168,mae,forecast window,75,0.5508079513539682,0.1763508086183655,0.5508079513539682,,1,1,1,1
household,seasonal-naive,168,rmse,forecast window,75,0.7887428028068139,0.2164024210109155,0.7887428028068139,,1,1,1,1
household,seasonal-naive,168,mase,forecast window,75,0.8273983702266708,0.2649060734877135,0.8273983702266708,,1,1,1,1
household,seasonal-naive,168,batch_latency_ms,full inference batch,75,0.0004151960213979,0.0001545310519389,0.0004151960213979,,1,1,1,1
household,lstm,168,mae,forecast window,75,0.4327916570174603,0.1370631693753617,0.4327916570174603,,1,1,1,1
household,lstm,168,rmse,forecast window,75,0.6133414064414372,0.1775396175783312,0.6133414064414372,,1,1,1,1
household,lstm,168,mase,forecast window,75,0.6501197210093022,0.2058899888436759,0.6501197210093022,,1,1,1,1
household,lstm,168,batch_latency_ms,full inference batch,75,1.351760843147834,0.0076849075037162,1.351760843147834,,1,1,1,1
household,chronos2,168,mae,forecast window,75,0.427116321868254,0.1596448666991558,0.427116321868254,,1,1,1,1
household,chronos2,168,rmse,forecast window,75,0.6117906782476314,0.2047943805647455,0.6117906782476314,,1,1,1,1
household,chronos2,168,mase,forecast window,75,0.6415944935840251,0.2398111759230036,0.6415944935840251,,1,1,1,1
household,chronos2,168,batch_latency_ms,full inference batch,75,15.486770300194618,0.1235678823553852,15.48677030019462,,1,1,1,1
household,timesfm3,168,mae,forecast window,75,0.4276238230507936,0.1649746461394604,0.4276238230507936,,1,1,1,1
household,timesfm3,168,rmse,forecast window,75,0.6112361799375805,0.2095144573358965,0.6112361799375805,,1,1,1,1
household,timesfm3,168,mase,forecast window,75,0.6423568385180248,0.2478173254561314,0.6423568385180248,,1,1,1,1
household,timesfm3,168,batch_latency_ms,full inference batch,75,361.6919359844178,1.9120945397967908,361.6919359844178,,1,1,1,1
household,toto2,168,mae,forecast window,75,0.4392871587714286,0.1858054101206497,0.4392871587714286,,1,1,1,1
household,toto2,168,rmse,forecast window,75,0.6316913197106936,0.2375653838266601,0.6316913197106936,,1,1,1,1
household,toto2,168,mase,forecast window,75,0.6598769649848597,0.2791083410020134,0.6598769649848597,,1,1,1,1
household,toto2,168,batch_latency_ms,full inference batch,75,53.062944787864886,0.6218833644389805,53.062944787864886,,1,1,1,1
