model,horizon,seed,metric,repeat_count,requested_repeats,mean,std
seasonal-naive,24,,setup_seconds_including_training,10,10,2.717506140470505e-06,7.725091540146858e-07
seasonal-naive,24,,training_seconds,10,10,0.0,0.0
seasonal-naive,24,,inference_seconds,10,10,9.623821824788177e-05,7.550039423053082e-06
seasonal-naive,24,,mean_batch_latency_ms,10,10,0.00036592478421247,2.8707374232218644e-05
seasonal-naive,24,,forecasts_per_second,10,10,2746959.2989032017,200981.9981930004
seasonal-naive,24,,mae,10,10,41.82880809559417,0.0
seasonal-naive,24,,rmse,10,10,71.3522232397281,0.0
seasonal-naive,24,,mase,10,10,0.827899321688361,0.0
seasonal-naive,24,,mae_window_mean,10,10,41.828808104657796,0.0
seasonal-naive,24,,rmse_window_mean,10,10,58.561889423355844,7.489778066296963e-15
seasonal-naive,24,,mase_window_mean,10,10,0.8278993218677535,1.1702778228589004e-16
lstm,24,42.0,setup_seconds_including_training,10,10,83.6093324287096,1.2351295023113644
lstm,24,42.0,training_seconds,10,10,81.72288033259102,1.297392271037107
lstm,24,42.0,epoch_selection_training_seconds,10,10,43.690630223369226,0.8379774925850403
lstm,24,42.0,selected_training_seconds,10,10,38.032250109221785,0.599947095646021
lstm,24,42.0,inference_seconds,10,10,0.34978439754340795,0.0016659791238121794
lstm,24,42.0,mean_batch_latency_ms,10,10,1.3299786978836807,0.006334521383316274
lstm,24,42.0,forecasts_per_second,10,10,751.9070408039004,3.569048042350627
lstm,24,42.0,initial_train_windows,10,10,23935.0,0.0
lstm,24,42.0,refit_train_windows,10,10,25375.0,0.0
lstm,24,42.0,initial_epochs_run,10,10,28.0,0.0
lstm,24,42.0,refit_epochs,10,10,23.0,0.0
lstm,24,42.0,initial_training_batches,10,10,10472.0,0.0
lstm,24,42.0,refit_training_batches,10,10,9131.0,0.0
lstm,24,42.0,selection_training_batches,10,10,10472.0,0.0
lstm,24,42.0,total_training_batches,10,10,19603.0,0.0
lstm,24,42.0,total_early_stopping_batches,10,10,28.0,0.0
lstm,24,42.0,total_fit_batches,10,10,19631.0,0.0
lstm,24,42.0,total_training_window_presentations,10,10,1253805.0,0.0
lstm,24,42.0,mae,10,10,26.010528278025987,0.0
lstm,24,42.0,rmse,10,10,51.16849455427861,0.0
lstm,24,42.0,mase,10,10,0.5148150209998892,0.0
lstm,24,42.0,mae_window_mean,10,10,26.010528288654154,3.744889033148481e-15
lstm,24,42.0,rmse_window_mean,10,10,39.011366203677326,7.489778066296963e-15
lstm,24,42.0,mase_window_mean,10,10,0.514815021210248,1.1702778228589004e-16
chronos2,24,,setup_seconds_including_training,10,10,0.8261478882748634,0.5733215838041298
chronos2,24,,training_seconds,10,10,0.0,0.0
chronos2,24,,inference_seconds,10,10,4.420531458011828,0.07425290097133394
chronos2,24,,mean_batch_latency_ms,10,10,16.8081044030868,0.2823304219442354
chronos2,24,,forecasts_per_second,10,10,59.509777183856116,0.9704401319609668
chronos2,24,,mae,10,10,20.42891441019316,0.0
chronos2,24,,rmse,10,10,44.99265230493272,0.0
chronos2,24,,mase,10,10,0.4043405765800426,0.0
chronos2,24,,mae_window_mean,10,10,20.42891443300414,0.0
chronos2,24,,rmse_window_mean,10,10,31.1991079654071,0.0
chronos2,24,,mase_window_mean,10,10,0.40434057703153037,5.851389114294502e-17
timesfm3,24,,setup_seconds_including_training,10,10,1.8166847480926662,0.09434152513818013
timesfm3,24,,training_seconds,10,10,0.0,0.0
timesfm3,24,,inference_seconds,10,10,77.97527280594223,9.276543442783549
timesfm3,24,,mean_batch_latency_ms,10,10,296.48392701879175,35.27202829955721
timesfm3,24,,forecasts_per_second,10,10,3.434974723047764,0.5805837208275347
timesfm3,24,,mae,10,10,26.133664912332904,0.0
timesfm3,24,,rmse,10,10,49.66882894076481,7.489778066296963e-15
timesfm3,24,,mase,10,10,0.517252210598615,0.0
timesfm3,24,,mae_window_mean,10,10,26.133664933989003,0.0
timesfm3,24,,rmse_window_mean,10,10,37.67692858668937,0.0
timesfm3,24,,mase_window_mean,10,10,0.5172522110272447,0.0
toto2,24,,setup_seconds_including_training,10,10,1.886972920387052,0.4128440769397556
toto2,24,,training_seconds,10,10,0.0,0.0
toto2,24,,inference_seconds,10,10,14.052228892059066,0.48314159178908145
toto2,24,,mean_batch_latency_ms,10,10,53.43052810668846,1.8370402729622899
toto2,24,,forecasts_per_second,10,10,18.736811572034576,0.6760841537750175
toto2,24,,mae,10,10,23.54786987226877,0.0
toto2,24,,rmse,10,10,49.116859351768525,7.489778066296963e-15
toto2,24,,mase,10,10,0.4660726992244978,1.1702778228589004e-16
toto2,24,,mae_window_mean,10,10,23.547869886710142,0.0
toto2,24,,rmse_window_mean,10,10,35.44405094244375,0.0
toto2,24,,mase_window_mean,10,10,0.4660726995103296,5.851389114294502e-17
seasonal-naive,168,,setup_seconds_including_training,10,10,2.787075936794281e-06,4.916211331182305e-07
seasonal-naive,168,,training_seconds,10,10,0.0,0.0
seasonal-naive,168,,inference_seconds,10,10,9.590708650647218e-05,5.514235701863231e-06
seasonal-naive,168,,mean_batch_latency_ms,10,10,0.0003914574959448,2.250708449747053e-05
seasonal-naive,168,,forecasts_per_second,10,10,2562400.998651725,151796.8708962814
seasonal-naive,168,,mae,10,10,28.386492163365737,0.0
seasonal-naive,168,,rmse,10,10,60.04656171054288,0.0
seasonal-naive,168,,mase,10,10,0.5618414360135173,0.0
seasonal-naive,168,,mae_window_mean,10,10,28.386492159013606,3.744889033148481e-15
seasonal-naive,168,,rmse_window_mean,10,10,54.85688245530413,7.489778066296963e-15
seasonal-naive,168,,mase_window_mean,10,10,0.5618414359273775,1.1702778228589004e-16
lstm,168,42.0,setup_seconds_including_training,10,10,47.885553264967164,0.8573038358882474
lstm,168,42.0,training_seconds,10,10,45.937094865902324,0.8587801729650316
lstm,168,42.0,epoch_selection_training_seconds,10,10,26.210787589708342,0.45165306782699643
lstm,168,42.0,selected_training_seconds,10,10,19.726307276193985,0.4272405150103135
lstm,168,42.0,inference_seconds,10,10,0.3292042548302561,0.0009485611244920694
lstm,168,42.0,mean_batch_latency_ms,10,10,1.3436908360418616,0.003871678059151354
lstm,168,42.0,forecasts_per_second,10,10,744.2243640741344,2.140327895679988
lstm,168,42.0,initial_train_windows,10,10,22927.0,0.0
lstm,168,42.0,refit_train_windows,10,10,24367.0,0.0
lstm,168,42.0,initial_epochs_run,10,10,17.0,0.0
lstm,168,42.0,refit_epochs,10,10,12.0,0.0
lstm,168,42.0,initial_training_batches,10,10,6103.0,0.0
lstm,168,42.0,refit_training_batches,10,10,4572.0,0.0
lstm,168,42.0,selection_training_batches,10,10,6103.0,0.0
lstm,168,42.0,total_training_batches,10,10,10675.0,0.0
lstm,168,42.0,total_early_stopping_batches,10,10,17.0,0.0
lstm,168,42.0,total_fit_batches,10,10,10692.0,0.0
lstm,168,42.0,total_training_window_presentations,10,10,682163.0,0.0
lstm,168,42.0,mae,10,10,35.8874640197286,7.489778066296963e-15
lstm,168,42.0,rmse,10,10,60.09060820922891,7.489778066296963e-15
lstm,168,42.0,mase,10,10,0.7103048944437468,1.1702778228589004e-16
lstm,168,42.0,mae_window_mean,10,10,35.88746402825127,7.489778066296963e-15
lstm,168,42.0,rmse_window_mean,10,10,58.04757292974123,7.489778066296963e-15
lstm,168,42.0,mase_window_mean,10,10,0.7103048946124327,0.0
chronos2,168,,setup_seconds_including_training,10,10,0.648299124231562,0.014029207808271089
chronos2,168,,training_seconds,10,10,0.0,0.0
chronos2,168,,inference_seconds,10,10,4.2738576109753925,0.020820228497238132
chronos2,168,,mean_batch_latency_ms,10,10,17.444316779491395,0.08498052447852257
chronos2,168,,forecasts_per_second,10,10,57.32648260331606,0.2787902155434343
chronos2,168,,mae,10,10,23.27080240116407,3.744889033148481e-15
chronos2,168,,rmse,10,10,48.37999961271926,7.489778066296963e-15
chronos2,168,,mase,10,10,0.4605888238325607,0.0
chronos2,168,,mae_window_mean,10,10,23.270802404820508,0.0
chronos2,168,,rmse_window_mean,10,10,43.8407215813336,0.0
chronos2,168,,mase_window_mean,10,10,0.4605888239049311,0.0
timesfm3,168,,setup_seconds_including_training,10,10,1.771657141787,0.038335264677780305
timesfm3,168,,training_seconds,10,10,0.0,0.0
timesfm3,168,,inference_seconds,10,10,93.57256682077423,0.751618985815636
timesfm3,168,,mean_batch_latency_ms,10,10,381.9288441664254,3.067832595165837
timesfm3,168,,forecasts_per_second,10,10,2.6184411922449797,0.021085591139106193
timesfm3,168,,mae,10,10,28.675931240579065,3.744889033148481e-15
timesfm3,168,,rmse,10,10,52.66226662309829,0.0
timesfm3,168,,mase,10,10,0.5675701771994336,0.0
timesfm3,168,,mae_window_mean,10,10,28.675931253123387,0.0
timesfm3,168,,rmse_window_mean,10,10,49.085640809274835,0.0
timesfm3,168,,mase_window_mean,10,10,0.567570177447718,0.0
toto2,168,,setup_seconds_including_training,10,10,1.787799766752869,0.021889701277405735
toto2,168,,training_seconds,10,10,0.0,0.0
toto2,168,,inference_seconds,10,10,13.200356683228165,0.060227539844220496
toto2,168,,mean_batch_latency_ms,10,10,53.87900687031904,0.2458266932417162
toto2,168,,forecasts_per_second,10,10,18.560450780817288,0.0843200574296219
toto2,168,,mae,10,10,27.643734088108538,0.0
toto2,168,,rmse,10,10,53.120276100125395,7.489778066296963e-15
toto2,168,,mase,10,10,0.5471403499754297,0.0
toto2,168,,mae_window_mean,10,10,27.64373409808288,3.744889033148481e-15
toto2,168,,rmse_window_mean,10,10,49.79662358987446,0.0
toto2,168,,mase_window_mean,10,10,0.5471403501728476,0.0
