epoch,train_mae_scaled,validation_mae_scaled,train_mae,early_stopping_mae
1,0.7635853446543324,0.46970972418785095,41.983608437923905,25.825677873263885
2,0.5542585528353918,0.3932904303073883,30.47435917742168,21.62397634266108
3,0.4506317275257945,0.42798078060150146,24.77672748776063,23.531328406865214
4,0.4225230228925867,0.37588176131248474,23.23124883592496,20.666809278593973
5,0.4100508693896997,0.37410208582878113,22.5455022946789,20.568958790528086
6,0.40697723675055986,0.38665446639060974,22.376507184823712,21.259116392636315
7,0.40413470849451344,0.3717377185821533,22.220218704287706,20.4389606581899
8,0.3986653923135622,0.34879717230796814,21.91950362303087,19.177638765529082
9,0.39647330487554894,0.39464661478996277,21.798977815007532,21.698542360310057
10,0.3918441185362856,0.35964760184288025,21.54445492766506,19.774219341840762
11,0.3895038438656007,0.38695400953292847,21.415781458354694,21.275585936067728
12,0.388028613497346,0.3804636001586914,21.33467003502771,20.918728896212997
13,0.3870252813235118,0.3580172061920166,21.279504616500073,19.6845765886319
