dataset,model,horizon,metric,series_count,mean,std
electricity,chronos2,24,training_seconds,10,0.0,0.0
electricity,chronos2,24,setup_seconds_including_training,10,2.139222256280482,0.11132849445095314
electricity,chronos2,24,inference_seconds,10,4.014197832904756,0.15694012099996713
electricity,chronos2,24,forecasts_per_second,10,69.09999133003019,2.6982427152495174
electricity,chronos2,168,training_seconds,10,0.0,0.0
electricity,chronos2,168,setup_seconds_including_training,10,0.6380372820189223,0.009802910689426462
electricity,chronos2,168,inference_seconds,10,3.7321950546232983,0.13803210369039745
electricity,chronos2,168,forecasts_per_second,10,69.48150356930591,2.564528822193004
electricity,lstm,24,training_seconds,10,32.824447553022765,18.09728915552635
electricity,lstm,24,setup_seconds_including_training,10,34.64938979707658,18.116239072012824
electricity,lstm,24,inference_seconds,10,0.21316403190139677,0.0016516189603728317
electricity,lstm,24,forecasts_per_second,10,1299.5388493424516,10.05143162227676
electricity,lstm,168,training_seconds,10,29.782106350152752,11.162116820642233
electricity,lstm,168,setup_seconds_including_training,10,31.013594806496986,11.193087814951118
electricity,lstm,168,inference_seconds,10,0.20030411030165846,0.0015656812613295008
electricity,lstm,168,forecasts_per_second,10,1293.1049813812467,10.107826480258103
electricity,seasonal-naive,24,training_seconds,10,0.0,0.0
electricity,seasonal-naive,24,setup_seconds_including_training,10,8.152797818183899e-07,9.709073202270228e-08
electricity,seasonal-naive,24,inference_seconds,10,9.415643289684071e-05,5.8801272371044615e-06
electricity,seasonal-naive,24,forecasts_per_second,10,2951875.420708274,177398.21626741684
electricity,seasonal-naive,168,training_seconds,10,0.0,0.0
electricity,seasonal-naive,168,setup_seconds_including_training,10,1.327972859144211e-06,4.50273653250892e-07
electricity,seasonal-naive,168,inference_seconds,10,8.89351824298501e-05,4.2368864164801515e-06
electricity,seasonal-naive,168,forecasts_per_second,10,2918114.907504978,137233.76709837973
electricity,timesfm3,24,training_seconds,10,0.0,0.0
electricity,timesfm3,24,setup_seconds_including_training,10,1.8946964751230553,0.10821631430461698
electricity,timesfm3,24,inference_seconds,10,36.76996806827374,12.25849338573801
electricity,timesfm3,24,forecasts_per_second,10,8.182427875219329,2.169657104700101
electricity,timesfm3,168,training_seconds,10,0.0,0.0
electricity,timesfm3,168,setup_seconds_including_training,10,1.5681877310853451,0.0854527921205739
electricity,timesfm3,168,inference_seconds,10,51.41921837818809,18.205763552568524
electricity,timesfm3,168,forecasts_per_second,10,5.595857017070208,1.7569481798977284
electricity,toto2,24,training_seconds,10,0.0,0.0
electricity,toto2,24,setup_seconds_including_training,10,2.453836455824785,0.18157964447477734
electricity,toto2,24,inference_seconds,10,13.285408868268131,0.4939982539290392
electricity,toto2,24,forecasts_per_second,10,20.875491655878886,0.7637419853005373
electricity,toto2,168,training_seconds,10,0.0,0.0
electricity,toto2,168,setup_seconds_including_training,10,1.600577054033056,0.10211131400736427
electricity,toto2,168,inference_seconds,10,12.624671288090758,0.5530473643489346
electricity,toto2,168,forecasts_per_second,10,20.550143181949743,0.8821828148352505
etth1,chronos2,24,training_seconds,1,0.0,
etth1,chronos2,24,setup_seconds_including_training,1,2.2767136888578534,
etth1,chronos2,24,inference_seconds,1,2.026869761524722,
etth1,chronos2,24,forecasts_per_second,1,71.53888362857764,
etth1,chronos2,168,training_seconds,1,0.0,
etth1,chronos2,168,setup_seconds_including_training,1,0.6361052531283349,
etth1,chronos2,168,inference_seconds,1,2.090216158889234,
etth1,chronos2,168,forecasts_per_second,1,66.50029921970666,
etth1,lstm,24,training_seconds,1,6.362121785990894,
etth1,lstm,24,setup_seconds_including_training,1,7.677835157141089,
etth1,lstm,24,inference_seconds,1,0.1109925049822777,
etth1,lstm,24,forecasts_per_second,1,1306.3945175681208,
etth1,lstm,168,training_seconds,1,8.876599062932655,
etth1,lstm,168,setup_seconds_including_training,1,9.711147553985938,
etth1,lstm,168,inference_seconds,1,0.1078829818870872,
etth1,lstm,168,forecasts_per_second,1,1288.4330555998215,
etth1,seasonal-naive,24,training_seconds,1,0.0,
etth1,seasonal-naive,24,setup_seconds_including_training,1,9.029172360897064e-07,
etth1,seasonal-naive,24,inference_seconds,1,4.965905100107193e-05,
etth1,seasonal-naive,24,forecasts_per_second,1,2919910.813375593,
etth1,seasonal-naive,168,training_seconds,1,0.0,
etth1,seasonal-naive,168,setup_seconds_including_training,1,1.1969823390245438e-06,
etth1,seasonal-naive,168,inference_seconds,1,5.813990719616413e-05,
etth1,seasonal-naive,168,forecasts_per_second,1,2390784.689955108,
etth1,timesfm3,24,training_seconds,1,0.0,
etth1,timesfm3,24,setup_seconds_including_training,1,1.8185448870062828,
etth1,timesfm3,24,inference_seconds,1,15.175594029715285,
etth1,timesfm3,24,forecasts_per_second,1,9.554815430359822,
etth1,timesfm3,168,training_seconds,1,0.0,
etth1,timesfm3,168,setup_seconds_including_training,1,1.6244430048391223,
etth1,timesfm3,168,inference_seconds,1,39.262508855434135,
etth1,timesfm3,168,forecasts_per_second,1,3.540272999664964,
etth1,toto2,24,training_seconds,1,0.0,
etth1,toto2,24,setup_seconds_including_training,1,2.3161398861557245,
etth1,toto2,24,inference_seconds,1,6.780083337100223,
etth1,toto2,24,forecasts_per_second,1,21.38616780808112,
etth1,toto2,168,training_seconds,1,0.0,
etth1,toto2,168,setup_seconds_including_training,1,1.7493850770406425,
etth1,toto2,168,inference_seconds,1,6.530773805454373,
etth1,toto2,168,forecasts_per_second,1,21.28384845972004,
household,chronos2,24,training_seconds,1,0.0,
household,chronos2,24,setup_seconds_including_training,1,2.286633508978412,
household,chronos2,24,inference_seconds,1,2.9615251580253243,
household,chronos2,24,forecasts_per_second,1,65.84445162371048,
household,chronos2,168,training_seconds,1,0.0,
household,chronos2,168,setup_seconds_including_training,1,0.6605437730904669,
household,chronos2,168,inference_seconds,1,2.0513592737261206,
household,chronos2,168,forecasts_per_second,1,65.81002251974317,
household,lstm,24,training_seconds,1,14.23427382693626,
household,lstm,24,setup_seconds_including_training,1,15.758910741191356,
household,lstm,24,inference_seconds,1,0.1517747193574905,
household,lstm,24,forecasts_per_second,1,1284.7989495582365,
household,lstm,168,training_seconds,1,19.04594258009456,
household,lstm,168,setup_seconds_including_training,1,19.791389903984964,
household,lstm,168,inference_seconds,1,0.1057004276663065,
household,lstm,168,forecasts_per_second,1,1277.194453992102,
household,seasonal-naive,24,training_seconds,1,0.0,
household,seasonal-naive,24,setup_seconds_including_training,1,1.0300427675247192e-06,
household,seasonal-naive,24,inference_seconds,1,6.451201625168324e-05,
household,seasonal-naive,24,forecasts_per_second,1,3022692.6909126346,
household,seasonal-naive,168,training_seconds,1,0.0,
household,seasonal-naive,168,setup_seconds_including_training,1,1.9918661564588547e-06,
household,seasonal-naive,168,inference_seconds,1,6.362330168485641e-05,
household,seasonal-naive,168,forecasts_per_second,1,2121864.103637561,
household,timesfm3,24,training_seconds,1,0.0,
household,timesfm3,24,setup_seconds_including_training,1,1.909771449863911,
household,timesfm3,24,inference_seconds,1,38.37882239301689,
household,timesfm3,24,forecasts_per_second,1,5.080927132237405,
household,timesfm3,168,training_seconds,1,0.0,
household,timesfm3,168,setup_seconds_including_training,1,1.6737137970048934,
household,timesfm3,168,inference_seconds,1,37.50930290762335,
household,timesfm3,168,forecasts_per_second,1,3.5991071423660808,
household,toto2,24,training_seconds,1,0.0,
household,toto2,24,setup_seconds_including_training,1,2.70163607201539,
household,toto2,24,inference_seconds,1,9.87813995894976,
household,toto2,24,forecasts_per_second,1,19.74055852724852,
household,toto2,168,training_seconds,1,0.0,
household,toto2,168,setup_seconds_including_training,1,1.703002231894061,
household,toto2,168,inference_seconds,1,6.825878996634856,
household,toto2,168,forecasts_per_second,1,19.77767259961021,
