epoch,train_mae_scaled,train_mae
1,0.6680620359167045,67.47732886980202
2,0.5547087615482054,56.028128403655806
3,0.49455829314566774,49.95265528909504
4,0.4612185699134367,46.58519037113655
5,0.44385173195822375,44.83106010608647
6,0.4440856868693252,44.85469062485324
7,0.44144876979659275,44.58834990954077
8,0.4364088573964897,44.079295647790815
9,0.4241677771821247,42.84289041752965
10,0.4158493664427395,42.00269279072487
11,0.4116453254316312,41.57806537195614
12,0.4097225866346809,41.38385993719511
13,0.409377536348986,41.34900827619254
14,0.40851474517174613,41.261862411164174
15,0.40676661466536557,41.085293214376165
16,0.40178748642130707,40.58237843109824
17,0.3974832346003267,40.14762926103921
18,0.4096480482268031,41.37633121622102
