origin,mae,rmse,mase,model,seed,horizon
2010-03-01 17:00:00,0.6110694420833334,0.7923714722906819,0.9179204098855801,seasonal-naive,,24
2010-03-02 17:00:00,0.40029861083333335,0.5545339350951338,0.6013101615424135,seasonal-naive,,24
2010-03-03 17:00:00,0.4361847291666667,0.599203036545921,0.6552166379281915,seasonal-naive,,24
2010-03-04 17:00:00,0.43145694875,0.6495013409734542,0.6481147836395527,seasonal-naive,,24
2010-03-05 17:00:00,0.5227250083333334,0.7123220198136961,0.7852134648902017,seasonal-naive,,24
2010-03-06 17:00:00,0.3224763970833333,0.4397305296460093,0.48440921146371274,seasonal-naive,,24
2010-03-07 17:00:00,1.3252013916666667,1.6553920494707821,1.990656578199045,seasonal-naive,,24
2010-03-08 17:00:00,0.6883666520833334,1.034793132048612,1.0340327234784692,seasonal-naive,,24
2010-03-09 17:00:00,0.3984000195833333,0.5733748487672077,0.5984581850919735,seasonal-naive,,24
2010-03-10 17:00:00,0.5049680520833334,0.7053719897203385,0.7585397819389644,seasonal-naive,,24
2010-03-11 17:00:00,0.62315971375,0.9528802250498828,0.936081859893714,seasonal-naive,,24
2010-03-12 17:00:00,0.6979208395833333,1.0614266760584352,1.0483845844981003,seasonal-naive,,24
2010-03-13 17:00:00,0.8850013920833333,1.1548613751600443,1.329408385732465,seasonal-naive,,24
2010-03-14 17:00:00,0.7207402529166668,0.9640848563438299,1.0826628576332598,seasonal-naive,,24
2010-03-15 17:00:00,0.5047069404166666,0.6348220428636493,0.7581475520030745,seasonal-naive,,24
2010-03-16 17:00:00,0.5741222220833333,0.7942340359781676,0.862419995381286,seasonal-naive,,24
2010-03-17 17:00:00,0.5802986083333334,0.866207804935363,0.871697878724434,seasonal-naive,,24
2010-03-18 17:00:00,0.5308597241666667,0.6929838976727759,0.7974330608604708,seasonal-naive,,24
2010-04-04 17:00:00,0.6000347308333334,0.844986637849124,0.901344574185081,seasonal-naive,,24
2010-04-05 17:00:00,0.6874888958333334,0.9355555786095826,1.0327141984119355,seasonal-naive,,24
2010-04-06 17:00:00,0.5137458233333333,0.7397385896092639,0.7717253461789497,seasonal-naive,,24
2010-04-07 17:00:00,0.31458748791666663,0.39914263681066303,0.4725588549622838,seasonal-naive,,24
2010-04-08 17:00:00,0.34409724041666667,0.4943611882239877,0.51688704787285,seasonal-naive,,24
2010-04-09 17:00:00,0.5052236208333334,0.7767576126479598,0.7589236855603829,seasonal-naive,,24
2010-04-25 17:00:00,1.3152666770833334,1.491121180784881,1.9757331068970945,seasonal-naive,,24
2010-04-26 17:00:00,0.68113472875,0.7767093706370837,1.0231692608779468,seasonal-naive,,24
2010-04-27 17:00:00,0.5967152883333333,0.7771569993503931,0.8963582603386488,seasonal-naive,,24
2010-04-28 17:00:00,0.49539306583333337,0.6615603466547231,0.7441566779937172,seasonal-naive,,24
2010-04-29 17:00:00,0.5808277833333334,0.7458328128457598,0.8724927810701399,seasonal-naive,,24
2010-04-30 17:00:00,0.43758194958333335,0.7346203165925562,0.6573154781732454,seasonal-naive,,24
2010-05-01 17:00:00,0.8973013895833333,1.2184796184298206,1.3478848762411362,seasonal-naive,,24
2010-05-02 17:00:00,1.0743222175,1.445862691703479,1.6137974219013593,seasonal-naive,,24
2010-05-03 17:00:00,0.54861943125,0.7281113243546058,0.8241108759870174,seasonal-naive,,24
2010-05-04 17:00:00,0.3425916695833333,0.45164319654839835,0.5146254486154342,seasonal-naive,,24
2010-05-05 17:00:00,0.40998056125,0.6908404900755902,0.6158539421390327,seasonal-naive,,24
2010-05-06 17:00:00,0.41117222416666666,0.6231719933855074,0.6176440033621612,seasonal-naive,,24
2010-05-07 17:00:00,0.7942569408333333,0.9071841759890075,1.193096244836893,seasonal-naive,,24
2010-05-08 17:00:00,0.5509930774999999,0.7884969864548159,0.8276764582084013,seasonal-naive,,24
2010-05-09 17:00:00,0.6291902720833333,0.819378932889751,0.9451406872477699,seasonal-naive,,24
2010-05-10 17:00:00,0.4452305425,0.5639421479011424,0.6688048426572204,seasonal-naive,,24
2010-05-11 17:00:00,0.7205930525,0.9780143944733665,1.0824417399377957,seasonal-naive,,24
2010-05-12 17:00:00,0.7089763716666666,0.9695063048718082,1.064991696296783,seasonal-naive,,24
2010-05-28 17:00:00,0.48307777375,0.628340762191143,0.7256572126654339,seasonal-naive,,24
2010-05-29 17:00:00,0.7441249845833333,0.9706707626539959,1.1177903259670527,seasonal-naive,,24
2010-05-30 17:00:00,0.695504155,0.8912421835512115,1.0447543520719222,seasonal-naive,,24
2010-05-31 17:00:00,0.5611388945833333,0.8193571232135529,0.8429170379762363,seasonal-naive,,24
2010-06-01 17:00:00,0.5451180545833333,0.6930433305880557,0.8188512690034428,seasonal-naive,,24
2010-06-02 17:00:00,0.4735013945833333,0.6765432513652629,0.7112720163448369,seasonal-naive,,24
2010-06-03 17:00:00,0.4131375120833333,0.6115564730924755,0.6205961684775685,seasonal-naive,,24
2010-06-04 17:00:00,0.47687499333333333,0.6903561424055328,0.7163396812191136,seasonal-naive,,24
2010-06-05 17:00:00,0.7183138933333333,0.9325684685599513,1.079018091867081,seasonal-naive,,24
2010-06-06 17:00:00,1.0934583379166667,1.353464895129979,1.642542821829394,seasonal-naive,,24
2010-06-07 17:00:00,0.5025208375,0.7078162071950475,0.7548636887510072,seasonal-naive,,24
2010-06-08 17:00:00,0.3491472183333333,0.44706691564727985,0.5244728924265818,seasonal-naive,,24
2010-06-09 17:00:00,0.39592223,0.5271844466984239,0.5947361635453071,seasonal-naive,,24
2010-06-10 17:00:00,0.37399861000000006,0.4867662296047095,0.5618035099536532,seasonal-naive,,24
2010-06-11 17:00:00,0.4096083191666666,0.5176171265016414,0.6152947772026466,seasonal-naive,,24
2010-06-27 17:00:00,0.5138069470833333,0.667428392560026,0.7718171634648255,seasonal-naive,,24
2010-07-13 17:00:00,0.28644999374999996,0.4290922797605796,0.43029200540331414,seasonal-naive,,24
2010-07-29 17:00:00,0.0678833325,0.1373793202692087,0.1019712198017284,seasonal-naive,,24
2010-07-30 17:00:00,0.18856111916666665,0.34971191217389846,0.28324784038267514,seasonal-naive,,24
2010-07-31 17:00:00,0.03707639666666667,0.07005451561912325,0.055694457751506776,seasonal-naive,,24
2010-08-01 17:00:00,0.024218048333333336,0.03365260856806534,0.03637923830223296,seasonal-naive,,24
2010-08-02 17:00:00,0.08646944666666667,0.15716571637841667,0.1298904256384363,seasonal-naive,,24
2010-08-03 17:00:00,0.09760833291666665,0.1390925799747346,0.14662274823242796,seasonal-naive,,24
2010-08-04 17:00:00,0.08618194708333332,0.1566795861504848,0.12945855698783654,seasonal-naive,,24
2010-08-05 17:00:00,0.08963888916666667,0.18040444967406996,0.13465141638408715,seasonal-naive,,24
2010-08-06 17:00:00,0.09386805583333334,0.19096891445502295,0.14100427603111185,seasonal-naive,,24
2010-08-07 17:00:00,0.07845416541666667,0.12637674498176285,0.11785023880588176,seasonal-naive,,24
2010-08-08 17:00:00,0.11606389041666666,0.23447810020696422,0.174345837849396,seasonal-naive,,24
2010-08-09 17:00:00,0.06938889125000001,0.12183104927761015,0.10423280090811657,seasonal-naive,,24
2010-08-10 17:00:00,0.032877774583333345,0.04715219101081762,0.049387480772673666,seasonal-naive,,24
2010-08-11 17:00:00,0.059127778750000005,0.10011186274719536,0.08881902966835364,seasonal-naive,,24
2010-08-12 17:00:00,0.08585972291666666,0.16709062144412454,0.12897452666530348,seasonal-naive,,24
2010-08-13 17:00:00,0.089916665,0.1480176486953382,0.13506867846467877,seasonal-naive,,24
2010-08-14 17:00:00,0.22459305375000002,0.4326392537966718,0.33737335523241513,seasonal-naive,,24
2010-08-15 17:00:00,0.6062194554166667,0.8153241533683382,0.9106349829890422,seasonal-naive,,24
2010-08-16 17:00:00,0.45394303875,0.5697767004040661,0.681892353794516,seasonal-naive,,24
2010-09-06 17:00:00,0.35048611375,0.5603563589658662,0.526484119539282,seasonal-naive,,24
2010-09-07 17:00:00,0.4256055616666667,0.678752575235912,0.6393250990963022,seasonal-naive,,24
2010-09-08 17:00:00,0.37791945541666666,0.5640499841022611,0.5676932236000996,seasonal-naive,,24
2010-09-09 17:00:00,0.4974013858333333,0.6270126507976511,0.7471734839254561,seasonal-naive,,24
2010-09-10 17:00:00,0.6201875004166667,0.8022205868373417,0.9316171377307152,seasonal-naive,,24
2010-09-11 17:00:00,0.7924847216666667,0.9734568772325144,1.1904340987175788,seasonal-naive,,24
2010-09-12 17:00:00,0.77384027,0.9342353414207116,1.1624272609715918,seasonal-naive,,24
2010-09-13 17:00:00,0.3987819541666667,0.6029051156552342,0.599031909656055,seasonal-naive,,24
2010-09-14 17:00:00,0.35874305791666666,0.5325342715518764,0.5388873212900176,seasonal-naive,,24
2010-09-15 17:00:00,0.45348749708333336,0.6627279063793694,0.6812080600553936,seasonal-naive,,24
2010-09-16 17:00:00,0.5537319424999999,0.906659768964413,0.8317906552378748,seasonal-naive,,24
2010-09-17 17:00:00,0.49309583125,0.7416818549229799,0.7407058778634611,seasonal-naive,,24
2010-09-18 17:00:00,0.4842069508333333,0.6690570313526408,0.727353410543752,seasonal-naive,,24
2010-09-19 17:00:00,0.6364069504166666,0.7905381902129985,0.9559812495104829,seasonal-naive,,24
2010-09-20 17:00:00,0.4576597266666667,0.5998697633195225,0.6874753914346442,seasonal-naive,,24
2010-09-21 17:00:00,0.4298541679166667,0.5486409081426792,0.6457071599912907,seasonal-naive,,24
2010-09-22 17:00:00,0.45857640041666675,0.6169294369662571,0.6888523765796757,seasonal-naive,,24
2010-09-23 17:00:00,0.458751375,0.5618848240313521,0.6891152153508393,seasonal-naive,,24
2010-10-13 17:00:00,0.4810208283333333,0.6404465015488335,0.7225673638692943,seasonal-naive,,24
2010-10-14 17:00:00,0.5351750091666667,0.761412111176744,0.8039152835068339,seasonal-naive,,24
2010-10-15 17:00:00,0.5789500033333334,0.8827856362365679,0.8696720663222407,seasonal-naive,,24
2010-10-16 17:00:00,0.54496527125,0.7938650024060678,0.8186217649073473,seasonal-naive,,24
2010-10-17 17:00:00,1.1783152791666667,1.6296784021539574,1.7700110159977651,seasonal-naive,,24
2010-10-18 17:00:00,0.9546319325,1.3349418017307297,1.4340041809041453,seasonal-naive,,24
2010-10-19 17:00:00,0.3637249983333333,0.5317427818163931,0.54637096304062,seasonal-naive,,24
2010-10-20 17:00:00,0.6119750070833333,0.8407023609232017,0.919280707977306,seasonal-naive,,24
2010-10-21 17:00:00,0.44311389083333336,0.611974516949896,0.6656253058785073,seasonal-naive,,24
2010-10-22 17:00:00,0.52436528375,0.6950078510073687,0.7876774111769914,seasonal-naive,,24
2010-11-07 17:00:00,0.44576945041666666,0.6016557681138703,0.6696143653426794,seasonal-naive,,24
2010-11-08 17:00:00,0.37307776791666664,0.47965804492630154,0.5604202633300099,seasonal-naive,,24
2010-11-09 17:00:00,0.7396360804166667,0.9836427569783202,1.1110473005941006,seasonal-naive,,24
2010-11-10 17:00:00,0.97926387,1.3327490065551657,1.4710051444757986,seasonal-naive,,24
2010-11-11 17:00:00,0.6395555404166666,0.8460186832086366,0.9607109165897402,seasonal-naive,,24
2010-11-12 17:00:00,0.50332498625,0.693668648754972,0.7560716440166025,seasonal-naive,,24
2010-11-13 17:00:00,0.63641941625,0.8264441152455463,0.9559999751119529,seasonal-naive,,24
2010-11-14 17:00:00,1.0377458245833333,1.348449404707281,1.5588540467855339,seasonal-naive,,24
2010-11-15 17:00:00,0.5424333474999999,0.9253897527798124,0.8148184255054038,seasonal-naive,,24
2010-11-16 17:00:00,0.37585139375000004,0.49062613925230514,0.5645866764844996,seasonal-naive,,24
2010-11-17 17:00:00,0.21591388375,0.2941580482788225,0.32433590525503564,seasonal-naive,,24
2010-11-18 17:00:00,0.3754388941666667,0.5393931379599315,0.5639670385832489,seasonal-naive,,24
2010-11-19 17:00:00,0.41636387625,0.6055235501345655,0.6254426643327857,seasonal-naive,,24
2010-11-20 17:00:00,0.8671069375,1.2950784429622337,1.3025281591091018,seasonal-naive,,24
2010-11-21 17:00:00,1.0745624983333333,1.6237002112357275,1.6141583607175256,seasonal-naive,,24
2010-11-22 17:00:00,0.6207916633333334,0.9656065469499581,0.9325246834757841,seasonal-naive,,24
2010-11-23 17:00:00,0.42582777791666665,0.5748125246687777,0.639658902126262,seasonal-naive,,24
2010-11-24 17:00:00,0.49785139500000003,0.6880134274171668,0.7478494669975447,seasonal-naive,,24
2010-11-25 17:00:00,0.4662972183333333,0.5894470508744022,0.7004502341366765,seasonal-naive,,24
2010-03-01 17:00:00,0.3007747983333333,0.3892987169521002,0.4518100679819875,lstm,42.0,24
2010-03-02 17:00:00,0.29342108666666666,0.37112644630138963,0.4407636605487608,lstm,42.0,24
2010-03-03 17:00:00,0.25436112083333334,0.35235823712563386,0.382089576428939,lstm,42.0,24
2010-03-04 17:00:00,0.37094713583333333,0.5865384252588534,0.5572197258124066,lstm,42.0,24
2010-03-05 17:00:00,0.33689761,0.4161663708132097,0.5060720942064382,lstm,42.0,24
2010-03-06 17:00:00,0.25580070375,0.30475597256182635,0.3842520516730386,lstm,42.0,24
2010-03-07 17:00:00,1.3141448670833333,1.640594295802216,1.9740479755125122,lstm,42.0,24
2010-03-08 17:00:00,0.38881496416666667,0.5141610603989882,0.5840599557076889,lstm,42.0,24
2010-03-09 17:00:00,0.37207350999999994,0.4640976450903835,0.5589117132782274,lstm,42.0,24
2010-03-10 17:00:00,0.4067118608333333,0.5710646812950915,0.6109438507163124,lstm,42.0,24
2010-03-11 17:00:00,0.5078432441666667,0.6861729756315105,0.7628587632426854,lstm,42.0,24
2010-03-12 17:00:00,0.5909966079166666,0.7771552990768705,0.8877679216462495,lstm,42.0,24
2010-03-13 17:00:00,0.6138083095833333,0.8140798541181176,0.9220346106704386,lstm,42.0,24
2010-03-14 17:00:00,0.3705005225,0.5001764693341305,0.5565488438049607,lstm,42.0,24
2010-03-15 17:00:00,0.3982776295833333,0.4929803185039266,0.598274336463276,lstm,42.0,24
2010-03-16 17:00:00,0.43077669166666666,0.6218655783615762,0.6470929327372524,lstm,42.0,24
2010-03-17 17:00:00,0.3275079204166667,0.39903775114332446,0.49196733439117607,lstm,42.0,24
2010-03-18 17:00:00,0.36415672125000004,0.46314614826188505,0.547019477349031,lstm,42.0,24
2010-04-04 17:00:00,0.6380192262500001,0.7435926934842788,0.9584031361110245,lstm,42.0,24
2010-04-05 17:00:00,0.4386129716666667,0.5510306795471317,0.6588642321251823,lstm,42.0,24
2010-04-06 17:00:00,0.4645277308333333,0.602351505313919,0.6977921914013864,lstm,42.0,24
2010-04-07 17:00:00,0.38472171,0.48164290720427005,0.577911257566897,lstm,42.0,24
2010-04-08 17:00:00,0.31119095125,0.40886510417788197,0.4674567338046154,lstm,42.0,24
2010-04-09 17:00:00,0.46759990916666666,0.6626847444066899,0.7024070763895157,lstm,42.0,24
2010-04-25 17:00:00,0.4099252758333333,0.46996656660202135,0.6157708949289573,lstm,42.0,24
2010-04-26 17:00:00,0.6130719929166667,0.7532102484392104,0.920928549640504,lstm,42.0,24
2010-04-27 17:00:00,0.3258840145833333,0.3835532326248469,0.489527977739554,lstm,42.0,24
2010-04-28 17:00:00,0.4597889708333333,0.6257156897320998,0.6906738440876679,lstm,42.0,24
2010-04-29 17:00:00,0.40753444375,0.5400814981603476,0.6121794969391987,lstm,42.0,24
2010-04-30 17:00:00,0.45568723916666665,0.7539656846005123,0.6845124114362968,lstm,42.0,24
2010-05-01 17:00:00,0.8021492145833333,1.1533897494172767,1.2049516554606519,lstm,42.0,24
2010-05-02 17:00:00,0.5113150270833333,0.7357516462597126,0.7680739158561681,lstm,42.0,24
2010-05-03 17:00:00,0.5048480420833333,0.623936051639568,0.7583595084367993,lstm,42.0,24
2010-05-04 17:00:00,0.4522924254166667,0.6559334503286457,0.6794128783647998,lstm,42.0,24
2010-05-05 17:00:00,0.2719786475,0.40236311220434173,0.4085538146731277,lstm,42.0,24
2010-05-06 17:00:00,0.3478352816666667,0.4564915959596409,0.5225021615081695,lstm,42.0,24
2010-05-07 17:00:00,0.7565000408333334,0.8532079812153117,1.1363795662776623,lstm,42.0,24
2010-05-08 17:00:00,0.5626362225,0.7113405230475524,0.8451662551033666,lstm,42.0,24
2010-05-09 17:00:00,0.3286383170833333,0.4331101669807175,0.49366536427148283,lstm,42.0,24
2010-05-10 17:00:00,0.51463971125,0.6519481940938662,0.7730681034931774,lstm,42.0,24
2010-05-11 17:00:00,0.52698777375,0.7408712812126099,0.791616795034109,lstm,42.0,24
2010-05-12 17:00:00,0.59357436625,0.7913424811556056,0.8916401116511241,lstm,42.0,24
2010-05-28 17:00:00,0.50796606125,0.6621316479411705,0.7630432534163224,lstm,42.0,24
2010-05-29 17:00:00,0.5298211179166666,0.730963752482477,0.7958729143221993,lstm,42.0,24
2010-05-30 17:00:00,0.4079732804166667,0.5446021045898498,0.6128386971956642,lstm,42.0,24
2010-05-31 17:00:00,0.42457757416666664,0.5290068362018882,0.6377809035558736,lstm,42.0,24
2010-06-01 17:00:00,0.47702915458333334,0.6110291936395955,0.7165712551582489,lstm,42.0,24
2010-06-02 17:00:00,0.50498486,0.6669720080423744,0.7585650300183043,lstm,42.0,24
2010-06-03 17:00:00,0.38173587291666666,0.48959465528229507,0.5734260704332698,lstm,42.0,24
2010-06-04 17:00:00,0.6552202520833333,0.7911131371304742,0.9842417259602491,lstm,42.0,24
2010-06-05 17:00:00,0.8251185829166666,1.1043504114220215,1.239455184099662,lstm,42.0,24
2010-06-06 17:00:00,0.5861699566666666,0.7489844615551826,0.8805175481393207,lstm,42.0,24
2010-06-07 17:00:00,0.36373123541666663,0.4298425565323567,0.54638033210033,lstm,42.0,24
2010-06-08 17:00:00,0.3028663858333333,0.46710524600628506,0.45495195452235504,lstm,42.0,24
2010-06-09 17:00:00,0.3819142091666667,0.4466316908191167,0.573693958945481,lstm,42.0,24
2010-06-10 17:00:00,0.37240025666666665,0.4499531071117682,0.5594025370922492,lstm,42.0,24
2010-06-11 17:00:00,0.49715657875,0.6167089233385441,0.7468057459847237,lstm,42.0,24
2010-06-27 17:00:00,0.4000881329166666,0.5619215636507794,0.6009939912968848,lstm,42.0,24
2010-07-13 17:00:00,0.4618032758333333,0.59923097483449,0.693699640411128,lstm,42.0,24
2010-07-29 17:00:00,0.10633925416666667,0.2390889199176725,0.15973793655726948,lstm,42.0,24
2010-07-30 17:00:00,0.13248864208333333,0.25153429135091804,0.19901834435002297,lstm,42.0,24
2010-07-31 17:00:00,0.09315630583333333,0.15003746708316898,0.1399351179179052,lstm,42.0,24
2010-08-01 17:00:00,0.09563073166666668,0.15394328816764571,0.14365208659403655,lstm,42.0,24
2010-08-02 17:00:00,0.11417085625,0.21383578688127422,0.17150220899394245,lstm,42.0,24
2010-08-03 17:00:00,0.21299844166666668,0.24628501534391414,0.3199564622526051,lstm,42.0,24
2010-08-04 17:00:00,0.14635455,0.18707650247008809,0.21984707346288646,lstm,42.0,24
2010-08-05 17:00:00,0.12362972958333335,0.21205880503228308,0.18571089345636246,lstm,42.0,24
2010-08-06 17:00:00,0.11035182333333333,0.19312017424905314,0.16576543340215116,lstm,42.0,24
2010-08-07 17:00:00,0.10388243208333335,0.2299219441801267,0.15604741142470732,lstm,42.0,24
2010-08-08 17:00:00,0.11177595708333332,0.20665139220069817,0.16790470161866525,lstm,42.0,24
2010-08-09 17:00:00,0.11148193583333334,0.2514776566908629,0.16746303642036156,lstm,42.0,24
2010-08-10 17:00:00,0.09462050333333333,0.21076654488134344,0.14213456805694544,lstm,42.0,24
2010-08-11 17:00:00,0.10102139166666667,0.17967592641650007,0.15174968810375006,lstm,42.0,24
2010-08-12 17:00:00,0.10638981625,0.2248468633047983,0.1598138885932603,lstm,42.0,24
2010-08-13 17:00:00,0.10781959166666667,0.20919399641689765,0.16196163146195378,lstm,42.0,24
2010-08-14 17:00:00,0.20067149166666667,0.4279074445094223,0.3014394849381087,lstm,42.0,24
2010-08-15 17:00:00,0.3677809083333334,0.4766279875671585,0.5524635644918826,lstm,42.0,24
2010-08-16 17:00:00,0.41324815875000004,0.5120570193310078,0.6207623768110648,lstm,42.0,24
2010-09-06 17:00:00,0.3404092283333333,0.40988633614436865,0.511347085750616,lstm,42.0,24
2010-09-07 17:00:00,0.4809969520833333,0.6188919941736649,0.7225314980647275,lstm,42.0,24
2010-09-08 17:00:00,0.3457970225,0.4757409968092683,0.5194403823373096,lstm,42.0,24
2010-09-09 17:00:00,0.36441728416666663,0.48215792694983556,0.5474108829779103,lstm,42.0,24
2010-09-10 17:00:00,0.5812218004166666,0.7538981403595311,0.8730846554099891,lstm,42.0,24
2010-09-11 17:00:00,0.9254803520833333,1.0715359906680617,1.390214017623112,lstm,42.0,24
2010-09-12 17:00:00,0.4502295058333334,0.5131612850871793,0.6763140554502741,lstm,42.0,24
2010-09-13 17:00:00,0.28787894166666667,0.44901673868279224,0.4324385052395684,lstm,42.0,24
2010-09-14 17:00:00,0.33422355375,0.44838698979664626,0.5020552499003498,lstm,42.0,24
2010-09-15 17:00:00,0.4217944620833333,0.5388718543425659,0.6336002405929522,lstm,42.0,24
2010-09-16 17:00:00,0.5316438220833333,0.8165104427769498,0.7986108966864666,lstm,42.0,24
2010-09-17 17:00:00,0.49090975416666666,0.5796199910092107,0.7374220534170389,lstm,42.0,24
2010-09-18 17:00:00,0.29775442625,0.3904511754208461,0.44727300395979047,lstm,42.0,24
2010-09-19 17:00:00,0.66089959625,0.8607424208453791,0.992772975547161,lstm,42.0,24
2010-09-20 17:00:00,0.34109398333333335,0.49694295719260206,0.5123756932164522,lstm,42.0,24
2010-09-21 17:00:00,0.437120455,0.5174792081324344,0.6566222422365096,lstm,42.0,24
2010-09-22 17:00:00,0.34485623125000003,0.4838521549336778,0.5180271689930577,lstm,42.0,24
2010-09-23 17:00:00,0.29149648916666665,0.3733748843230709,0.43787261870572286,lstm,42.0,24
2010-10-13 17:00:00,0.43777162750000004,0.6423269310985894,0.6576004036154658,lstm,42.0,24
2010-10-14 17:00:00,0.4767269345833334,0.6752187345684197,0.7161172741747951,lstm,42.0,24
2010-10-15 17:00:00,0.31529050458333335,0.3793006002330191,0.47361489426384507,lstm,42.0,24
2010-10-16 17:00:00,0.5550816420833333,0.6949147373887283,0.8338181118728063,lstm,42.0,24
2010-10-17 17:00:00,1.0853978366666668,1.5051891280321632,1.6304347075927241,lstm,42.0,24
2010-10-18 17:00:00,0.7113091312500001,0.9822454805043183,1.0684958604480743,lstm,42.0,24
2010-10-19 17:00:00,0.48921730291666665,0.6837853305266256,0.7348797309932324,lstm,42.0,24
2010-10-20 17:00:00,0.439469815,0.5902183622195121,0.6601513427701846,lstm,42.0,24
2010-10-21 17:00:00,0.36889481625000003,0.45522391832483794,0.5541368257303361,lstm,42.0,24
2010-10-22 17:00:00,0.65178294,0.8078012344180483,0.9790783538471207,lstm,42.0,24
2010-11-07 17:00:00,0.36973057625,0.47491980540039214,0.5553922659617285,lstm,42.0,24
2010-11-08 17:00:00,0.2988812616666667,0.38391088765102677,0.44896568429414635,lstm,42.0,24
2010-11-09 17:00:00,0.8975543891666667,1.115075614708958,1.3482649205785564,lstm,42.0,24
2010-11-10 17:00:00,0.6948488545833333,0.9060391571403109,1.0437699899264121,lstm,42.0,24
2010-11-11 17:00:00,0.45261905416666665,0.5428684264735023,0.6799035250498283,lstm,42.0,24
2010-11-12 17:00:00,0.49213114250000006,0.6534941953856044,0.7392567667938698,lstm,42.0,24
2010-11-13 17:00:00,0.6466477208333333,0.8614658278095783,0.9713644638082924,lstm,42.0,24
2010-11-14 17:00:00,0.63151871875,0.8725963034910074,0.948638372734016,lstm,42.0,24
2010-11-15 17:00:00,0.32023407249999997,0.4231716008047052,0.48104089460988264,lstm,42.0,24
2010-11-16 17:00:00,0.3147875695833333,0.4331495182932162,0.4728594084392358,lstm,42.0,24
2010-11-17 17:00:00,0.28955517125,0.3923610067570877,0.4349564602218204,lstm,42.0,24
2010-11-18 17:00:00,0.42774299208333333,0.5261183487242552,0.642535848757551,lstm,42.0,24
2010-11-19 17:00:00,0.3979059495833333,0.5682131581831766,0.5977160158626204,lstm,42.0,24
2010-11-20 17:00:00,0.6075481304166667,0.9149637540897915,0.9126308574619117,lstm,42.0,24
2010-11-21 17:00:00,0.5924917295833333,0.8027860524747856,0.8900138246461058,lstm,42.0,24
2010-11-22 17:00:00,0.3928695775,0.5401035829584885,0.5901506093659245,lstm,42.0,24
2010-11-23 17:00:00,0.37513201333333335,0.4979805844751945,0.5635060563103357,lstm,42.0,24
2010-11-24 17:00:00,0.44814146,0.5536706694717431,0.6731774890386748,lstm,42.0,24
2010-11-25 17:00:00,0.3264369179166667,0.4239228959035445,0.49035852369621347,lstm,42.0,24
2010-03-01 17:00:00,0.40300224041666666,0.5169675368123747,0.605371429549616,chronos2,,24
2010-03-02 17:00:00,0.35536098791666665,0.408429674937295,0.5338069312936244,chronos2,,24
2010-03-03 17:00:00,0.4065751645833333,0.48789361666022374,0.610738511896878,chronos2,,24
2010-03-04 17:00:00,0.39393073666666667,0.5407366371046195,0.5917446338582958,chronos2,,24
2010-03-05 17:00:00,0.25997868416666664,0.35288789648672153,0.39052802168961415,chronos2,,24
2010-03-06 17:00:00,0.21787946291666668,0.27536325832335795,0.327288507872797,chronos2,,24
2010-03-07 17:00:00,1.2829893566666668,1.6062574280829718,1.927247600755823,chronos2,,24
2010-03-08 17:00:00,0.3693410108333333,0.4867783795044386,0.5548070787107922,chronos2,,24
2010-03-09 17:00:00,0.44034070833333333,0.5891218867432879,0.66145955867896,chronos2,,24
2010-03-10 17:00:00,0.34864619999999996,0.48594138597991593,0.5237202857304826,chronos2,,24
2010-03-11 17:00:00,0.6447506716666667,0.9735331323277665,0.9685148038045079,chronos2,,24
2010-03-12 17:00:00,0.5496867154166666,0.7411529471804168,0.8257141011726704,chronos2,,24
2010-03-13 17:00:00,0.65832052,0.9131253878470065,0.9888988058284871,chronos2,,24
2010-03-14 17:00:00,0.5261266641666666,0.6899721509008664,0.7903232758245818,chronos2,,24
2010-03-15 17:00:00,0.44163678375,0.5856780312324972,0.6634064635571573,chronos2,,24
2010-03-16 17:00:00,0.492330825,0.6671857795912458,0.7395567206610146,chronos2,,24
2010-03-17 17:00:00,0.3893121945833333,0.5437270515653566,0.5848068723695958,chronos2,,24
2010-03-18 17:00:00,0.29604689833333336,0.4137828277533926,0.4447080340607656,chronos2,,24
2010-04-04 17:00:00,0.6183030633333334,0.7558631507186211,0.928786423018424,chronos2,,24
2010-04-05 17:00:00,0.3814149783333333,0.5080642946319553,0.5729440373496661,chronos2,,24
2010-04-06 17:00:00,0.37739424374999997,0.49267203202680043,0.5669042747914343,chronos2,,24
2010-04-07 17:00:00,0.26015431125,0.3393549103069744,0.3907918406162663,chronos2,,24
2010-04-08 17:00:00,0.2638055341666667,0.33455640648535434,0.3962765397444437,chronos2,,24
2010-04-09 17:00:00,0.5174217754166667,0.7128353481370058,0.777247192323881,chronos2,,24
2010-04-25 17:00:00,0.4865533920833333,0.6342229409441053,0.7308781266654243,chronos2,,24
2010-04-26 17:00:00,0.48019425791666664,0.5777192075472762,0.7213257278073122,chronos2,,24
2010-04-27 17:00:00,0.3440870370833333,0.42226965741714506,0.5168717208948168,chronos2,,24
2010-04-28 17:00:00,0.45466094541666663,0.5581584544320973,0.6829707601692145,chronos2,,24
2010-04-29 17:00:00,0.2857442591666667,0.4362918589266146,0.42923188337234636,chronos2,,24
2010-04-30 17:00:00,0.501607185,0.6828658257551434,0.7534912419887642,chronos2,,24
2010-05-01 17:00:00,0.7609558995833333,1.127306411650215,1.143072952345615,chronos2,,24
2010-05-02 17:00:00,0.5430250216666667,0.8247667397742315,0.8157072112246403,chronos2,,24
2010-05-03 17:00:00,0.5312353695833333,0.808678354352388,0.7979973381276544,chronos2,,24
2010-05-04 17:00:00,0.3891239208333333,0.5389935122876115,0.5845240562019578,chronos2,,24
2010-05-05 17:00:00,0.43519595791666665,0.6434202680817057,0.6537313512347697,chronos2,,24
2010-05-06 17:00:00,0.3362595908333334,0.4423135556079622,0.5051136911598306,chronos2,,24
2010-05-07 17:00:00,0.5816716758333332,0.6993308230462358,0.8737604375689795,chronos2,,24
2010-05-08 17:00:00,0.4454479375,0.6870702836689264,0.6691314034271825,chronos2,,24
2010-05-09 17:00:00,0.3614828775,0.5235079175579295,0.5430029522506686,chronos2,,24
2010-05-10 17:00:00,0.5150784591666667,0.7038012376807188,0.773727170433475,chronos2,,24
2010-05-11 17:00:00,0.5721172525,0.7739667501857023,0.859408222291362,chronos2,,24
2010-05-12 17:00:00,0.452751055,0.6626352493069257,0.6801018106303107,chronos2,,24
2010-05-28 17:00:00,0.4288393658333333,0.5636895641473676,0.6441827709773182,chronos2,,24
2010-05-29 17:00:00,0.4557826333333333,0.7098905670990386,0.6846557081658285,chronos2,,24
2010-05-30 17:00:00,0.48317399541666667,0.6208885289424345,0.7258017524274051,chronos2,,24
2010-05-31 17:00:00,0.3708754379166667,0.5190318009123773,0.5571120244997207,chronos2,,24
2010-06-01 17:00:00,0.42006635541666665,0.49535295748765296,0.6310043582421926,chronos2,,24
2010-06-02 17:00:00,0.4099670583333333,0.5671301507211305,0.6158336586786798,chronos2,,24
2010-06-03 17:00:00,0.2940499066666667,0.39869030571408715,0.44170824503031564,chronos2,,24
2010-06-04 17:00:00,0.39901445333333335,0.523294829189148,0.5993811592104709,chronos2,,24
2010-06-05 17:00:00,0.7225627349999999,0.95861883956054,1.085400506394158,chronos2,,24
2010-06-06 17:00:00,0.5207243762499999,0.7232990104118753,0.7822082073932751,chronos2,,24
2010-06-07 17:00:00,0.23658779791666665,0.32084825646977483,0.35539130822381637,chronos2,,24
2010-06-08 17:00:00,0.3024099241666666,0.4351483332889901,0.45426627880154785,chronos2,,24
2010-06-09 17:00:00,0.31215531874999997,0.4198226424312425,0.46890536230723256,chronos2,,24
2010-06-10 17:00:00,0.25026671041666665,0.3410282414480109,0.37593914142257856,chronos2,,24
2010-06-11 17:00:00,0.28573029,0.3518509491819919,0.4292108995326886,chronos2,,24
2010-06-27 17:00:00,0.40390723083333335,0.5004916612986721,0.6067308645286865,chronos2,,24
2010-07-13 17:00:00,0.27786902291666665,0.36761642091235797,0.4174020656974511,chronos2,,24
2010-07-29 17:00:00,0.17186645750000004,0.28942238443080764,0.25816988749450265,chronos2,,24
2010-07-30 17:00:00,0.15998211625,0.28143534312973206,0.2403177766865587,chronos2,,24
2010-07-31 17:00:00,0.07618247416666667,0.15878670921763843,0.11443780869609872,chronos2,,24
2010-08-01 17:00:00,0.048669994166666675,0.09269219014272101,0.07310982667089902,chronos2,,24
2010-08-02 17:00:00,0.08929729624999999,0.17641132650828584,0.1341382912161657,chronos2,,24
2010-08-03 17:00:00,0.10252525416666665,0.15095452322682373,0.15400872118140685,chronos2,,24
2010-08-04 17:00:00,0.065996575,0.13478503346670603,0.09913701946624752,chronos2,,24
2010-08-05 17:00:00,0.05528964083333334,0.10047677772513973,0.08305355542429287,chronos2,,24
2010-08-06 17:00:00,0.07280053208333333,0.14192784623652077,0.1093576108502387,chronos2,,24
2010-08-07 17:00:00,0.04879792833333333,0.08345596182687344,0.07330200349176026,chronos2,,24
2010-08-08 17:00:00,0.08020968125000001,0.16189349939547326,0.12048729394612917,chronos2,,24
2010-08-09 17:00:00,0.03915440625000001,0.0790370773256002,0.05881594816997116,chronos2,,24
2010-08-10 17:00:00,0.03503853083333333,0.05040858129414451,0.05263326942788895,chronos2,,24
2010-08-11 17:00:00,0.025579549166666677,0.03821732131980016,0.03842442223211841,chronos2,,24
2010-08-12 17:00:00,0.05241986125,0.08029167917719424,0.07874270452912509,chronos2,,24
2010-08-13 17:00:00,0.048424253749999986,0.07788818549500401,0.07274068671976172,chronos2,,24
2010-08-14 17:00:00,0.14351223291666668,0.361279636725891,0.21557747547208672,chronos2,,24
2010-08-15 17:00:00,0.5297285545833333,0.7039102094037939,0.7957338699402974,chronos2,,24
2010-08-16 17:00:00,0.5059953845833333,0.6019770292454087,0.7600829935685194,chronos2,,24
2010-09-06 17:00:00,0.3283000308333333,0.4717327231626823,0.4931572062261386,chronos2,,24
2010-09-07 17:00:00,0.47744028916666664,0.6400329851737298,0.7171888426192825,chronos2,,24
2010-09-08 17:00:00,0.32025150458333335,0.40802853139191164,0.481067080283681,chronos2,,24
2010-09-09 17:00:00,0.42820095291666666,0.5076292847106997,0.643223776457571,chronos2,,24
2010-09-10 17:00:00,0.4028245883333333,0.5303723535346081,0.6051045687611032,chronos2,,24
2010-09-11 17:00:00,0.7894861870833333,0.9499442949658468,1.1859298379834702,chronos2,,24
2010-09-12 17:00:00,0.41973791541666666,0.49093656728111446,0.6305109907807221,chronos2,,24
2010-09-13 17:00:00,0.24870096625000002,0.3937142560619094,0.3735871525514895,chronos2,,24
2010-09-14 17:00:00,0.23079799874999998,0.3195117348992608,0.3466941382162592,chronos2,,24
2010-09-15 17:00:00,0.35645577999999994,0.5074972542319797,0.5354514776064733,chronos2,,24
2010-09-16 17:00:00,0.3448290616666667,0.6512351008389464,0.5179863560946337,chronos2,,24
2010-09-17 17:00:00,0.4158542241666667,0.5890612076556666,0.6246770884145442,chronos2,,24
2010-09-18 17:00:00,0.36146078125,0.4377048242251196,0.5429697602802309,chronos2,,24
2010-09-19 17:00:00,0.48757574083333327,0.6533683688125088,0.7324138519349559,chronos2,,24
2010-09-20 17:00:00,0.20146835500000002,0.2723538618396366,0.30263649638587864,chronos2,,24
2010-09-21 17:00:00,0.38628184625,0.5106309991721386,0.5802548224835044,chronos2,,24
2010-09-22 17:00:00,0.4288363091666667,0.5441954139429259,0.6441781793932424,chronos2,,24
2010-09-23 17:00:00,0.2417821979166667,0.31775828761541663,0.3631940969884679,chronos2,,24
2010-10-13 17:00:00,0.38114412166666667,0.5383624260814736,0.5725371689229956,chronos2,,24
2010-10-14 17:00:00,0.42866528,0.6189411943175538,0.6439212672455266,chronos2,,24
2010-10-15 17:00:00,0.40414499125,0.5138371781261417,0.6070880172908621,chronos2,,24
2010-10-16 17:00:00,0.6531425120833333,0.8348317934662327,0.9811206404974685,chronos2,,24
2010-10-17 17:00:00,0.91881564875,1.340055194630392,1.3802026068174233,chronos2,,24
2010-10-18 17:00:00,0.5748927679166667,0.7977910637710758,0.8635774738910239,chronos2,,24
2010-10-19 17:00:00,0.3928936591666667,0.6247306451375355,0.59018678373796,chronos2,,24
2010-10-20 17:00:00,0.4025061745833333,0.5363118790946787,0.6046262622712275,chronos2,,24
2010-10-21 17:00:00,0.3305945170833333,0.4243887204792171,0.4966038779364704,chronos2,,24
2010-10-22 17:00:00,0.7026236220833333,0.9141143837334175,1.0554488880660966,chronos2,,24
2010-11-07 17:00:00,0.39351831875,0.5257030651793632,0.5911251186329555,chronos2,,24
2010-11-08 17:00:00,0.36819102833333334,0.4686431223652902,0.5530796278924983,chronos2,,24
2010-11-09 17:00:00,0.7931561833333333,1.004135178492614,1.1914427375495054,chronos2,,24
2010-11-10 17:00:00,0.8647966466666667,1.1887252868432059,1.2990577464806152,chronos2,,24
2010-11-11 17:00:00,0.54103449,0.6955569401853234,0.812717126109064,chronos2,,24
2010-11-12 17:00:00,0.5133557875,0.6983175468111137,0.7711394522897336,chronos2,,24
2010-11-13 17:00:00,0.5604484695833333,0.8434598956720833,0.8418799132971907,chronos2,,24
2010-11-14 17:00:00,0.6229447525,0.8365529949217972,0.935758954991062,chronos2,,24
2010-11-15 17:00:00,0.39256643333333335,0.5224343451405333,0.5896952401418109,chronos2,,24
2010-11-16 17:00:00,0.2886387358333333,0.36417722586970314,0.43357983309016024,chronos2,,24
2010-11-17 17:00:00,0.21296740416666668,0.29550835973171435,0.31990983914766846,chronos2,,24
2010-11-18 17:00:00,0.2792233908333333,0.41580685180313237,0.41943653488799687,chronos2,,24
2010-11-19 17:00:00,0.33184784333333334,0.45703586947932306,0.49848656698273996,chronos2,,24
2010-11-20 17:00:00,0.6538915716666667,1.0298602567671118,0.9822458433507121,chronos2,,24
2010-11-21 17:00:00,0.6486360033333333,0.9041977126530962,0.974351170329152,chronos2,,24
2010-11-22 17:00:00,0.3263195454166667,0.46867750379851725,0.4901822121252372,chronos2,,24
2010-11-23 17:00:00,0.294472295,0.43630066034157367,0.44234273735698526,chronos2,,24
2010-11-24 17:00:00,0.37359116,0.4785201054366675,0.5611914573042311,chronos2,,24
2010-11-25 17:00:00,0.29028728916666663,0.34281777704999333,0.4360562140826255,chronos2,,24
2010-03-01 17:00:00,0.4779543191666667,0.5989516025345619,0.7179609948425795,timesfm3,,24
2010-03-02 17:00:00,0.3219264929166667,0.37444219427131686,0.48358317071727397,timesfm3,,24
2010-03-03 17:00:00,0.3986983958333334,0.47897520681403527,0.5989063921709699,timesfm3,,24
2010-03-04 17:00:00,0.4316931116666667,0.5523827918658368,0.648469536710705,timesfm3,,24
2010-03-05 17:00:00,0.27342916,0.3699979460627126,0.41073270783460664,timesfm3,,24
2010-03-06 17:00:00,0.21893590250000003,0.2735215691213527,0.3288754428241612,timesfm3,,24
2010-03-07 17:00:00,1.2885750233333333,1.610274016793618,1.9356381323109115,timesfm3,,24
2010-03-08 17:00:00,0.36589694208333334,0.4905359875880559,0.5496335570437686,timesfm3,,24
2010-03-09 17:00:00,0.45093172125,0.5975228618411593,0.6773688911509383,timesfm3,,24
2010-03-10 17:00:00,0.30312334541666663,0.4367533265729921,0.4553379473896357,timesfm3,,24
2010-03-11 17:00:00,0.93329106375,1.2843696249992949,1.4019469094367183,timesfm3,,24
2010-03-12 17:00:00,0.50693478625,0.730567563065533,0.7614941195446016,timesfm3,,24
2010-03-13 17:00:00,0.6581327204166666,0.9910664712447282,0.9886167019322063,timesfm3,,24
2010-03-14 17:00:00,0.3974026679166667,0.5716376663023817,0.5969600092912893,timesfm3,,24
2010-03-15 17:00:00,0.5291802008333334,0.6593421966553347,0.7949101581584641,timesfm3,,24
2010-03-16 17:00:00,0.45060107583333336,0.6009664448572073,0.676872210813989,timesfm3,,24
2010-03-17 17:00:00,0.38007545458333336,0.5166755464784507,0.5709318663835325,timesfm3,,24
2010-03-18 17:00:00,0.34225138,0.48169820651485334,0.5141142812548996,timesfm3,,24
2010-04-04 17:00:00,0.6569724729166667,0.7982733408806769,0.9868738315030492,timesfm3,,24
2010-04-05 17:00:00,0.36447719291666664,0.45613914898939756,0.5475008751466698,timesfm3,,24
2010-04-06 17:00:00,0.411045565,0.5417954064214957,0.6174537417876564,timesfm3,,24
2010-04-07 17:00:00,0.24693705791666667,0.31023375202833325,0.37093749058375336,timesfm3,,24
2010-04-08 17:00:00,0.296835595,0.38878008348859044,0.4458927779174928,timesfm3,,24
2010-04-09 17:00:00,0.5685894358333333,0.7619014516481557,0.8541088983558897,timesfm3,,24
2010-04-25 17:00:00,0.42226488625,0.5485081570586139,0.6343068901390571,timesfm3,,24
2010-04-26 17:00:00,0.4445848054166666,0.5314196106380847,0.6678348461111798,timesfm3,,24
2010-04-27 17:00:00,0.42089118833333333,0.5097425118610172,0.6322433843115906,timesfm3,,24
2010-04-28 17:00:00,0.4452135483333333,0.5355337945887473,0.6687793148016967,timesfm3,,24
2010-04-29 17:00:00,0.28723658583333334,0.4073132182460433,0.43147358785175804,timesfm3,,24
2010-04-30 17:00:00,0.5450293508333334,0.7249229585431545,0.8187180223101034,timesfm3,,24
2010-05-01 17:00:00,0.6531816683333332,0.9634395385996193,0.9811794592152348,timesfm3,,24
2010-05-02 17:00:00,0.55326925875,0.7819779045490823,0.8310956329896677,timesfm3,,24
2010-05-03 17:00:00,0.5173663425,0.7795081018658783,0.7771639235460897,timesfm3,,24
2010-05-04 17:00:00,0.39283700875,0.5601125709217963,0.5901016860876672,timesfm3,,24
2010-05-05 17:00:00,0.4276730645833333,0.6510138931081583,0.6424308068833517,timesfm3,,24
2010-05-06 17:00:00,0.36062311750000003,0.43684762790723325,0.5417114603231511,timesfm3,,24
2010-05-07 17:00:00,0.63600087875,0.7630651946214151,0.9553712673299981,timesfm3,,24
2010-05-08 17:00:00,0.5062924562500001,0.6743972262454949,0.7605292409624366,timesfm3,,24
2010-05-09 17:00:00,0.42159342375000003,0.6138114740050026,0.6332982500553352,timesfm3,,24
2010-05-10 17:00:00,0.48582519916666667,0.6624557368764092,0.7297842687590894,timesfm3,,24
2010-05-11 17:00:00,0.5251243675,0.7065127084489911,0.788817671872342,timesfm3,,24
2010-05-12 17:00:00,0.42577464249999997,0.6387411297323751,0.6395790845472976,timesfm3,,24
2010-05-28 17:00:00,0.4001232795833333,0.5250790181535606,0.6010467870029877,timesfm3,,24
2010-05-29 17:00:00,0.5221454779166667,0.785284267363557,0.784342920953666,timesfm3,,24
2010-05-30 17:00:00,0.5252173954166667,0.6919266537014933,0.788957414129959,timesfm3,,24
2010-05-31 17:00:00,0.3112325275,0.4533540972115638,0.46751918773507434,timesfm3,,24
2010-06-01 17:00:00,0.4001815441666667,0.478827955572183,0.6011343093802037,timesfm3,,24
2010-06-02 17:00:00,0.3526483354166667,0.48349451759411316,0.5297321094760125,timesfm3,,24
2010-06-03 17:00:00,0.29851057458333335,0.40904854196981294,0.44840885520723833,timesfm3,,24
2010-06-04 17:00:00,0.43110284708333335,0.5838257608287512,0.6475828684027185,timesfm3,,24
2010-06-05 17:00:00,0.7090929441666667,0.9516038095212159,1.065166806144555,timesfm3,,24
2010-06-06 17:00:00,0.506117945,0.6686696041759395,0.760267098189295,timesfm3,,24
2010-06-07 17:00:00,0.2461594808333333,0.31621945117350264,0.3697694500536663,timesfm3,,24
2010-06-08 17:00:00,0.27074671499999997,0.39158574626773496,0.4067032623341069,timesfm3,,24
2010-06-09 17:00:00,0.3110965316666667,0.41699625141205265,0.4673149010493411,timesfm3,,24
2010-06-10 17:00:00,0.25307006249999997,0.3462842823257495,0.38015020798256527,timesfm3,,24
2010-06-11 17:00:00,0.28830325500000004,0.3490749395760272,0.43307588921269813,timesfm3,,24
2010-06-27 17:00:00,0.39741934208333335,0.48966803736716025,0.5969850564575312,timesfm3,,24
2010-07-13 17:00:00,0.3138249745833333,0.4379120027785244,0.4714134425045927,timesfm3,,24
2010-07-29 17:00:00,0.11637321166666668,0.18746957596290748,0.1748104860039794,timesfm3,,24
2010-07-30 17:00:00,0.15902777833333334,0.2711801159109882,0.23888421416271619,timesfm3,,24
2010-07-31 17:00:00,0.057249005416666665,0.09083511690812464,0.08599682278080933,timesfm3,,24
2010-08-01 17:00:00,0.027987231666666668,0.034739501920644074,0.04204113214276214,timesfm3,,24
2010-08-02 17:00:00,0.09219255541666665,0.15734997378334273,0.13848741636948864,timesfm3,,24
2010-08-03 17:00:00,0.08664302750000001,0.13371732330045288,0.13015117078245528,timesfm3,,24
2010-08-04 17:00:00,0.081532215,0.15630697557184928,0.12247394331571414,timesfm3,,24
2010-08-05 17:00:00,0.07889238166666668,0.13500063909978402,0.1185085071009664,timesfm3,,24
2010-08-06 17:00:00,0.06907215875000002,0.12110540696796523,0.10375701991466207,timesfm3,,24
2010-08-07 17:00:00,0.05931418708333334,0.09333646097627414,0.08909904369287441,timesfm3,,24
2010-08-08 17:00:00,0.08370514708333333,0.1511749854008597,0.12573802194773784,timesfm3,,24
2010-08-09 17:00:00,0.053903593750000006,0.0933340796698928,0.08097149924665709,timesfm3,,24
2010-08-10 17:00:00,0.0444953075,0.07027193577839372,0.06683880437407802,timesfm3,,24
2010-08-11 17:00:00,0.028221559583333333,0.03784936619234203,0.04239312876131497,timesfm3,,24
2010-08-12 17:00:00,0.06272675041666667,0.09900881110469892,0.0942252393720664,timesfm3,,24
2010-08-13 17:00:00,0.06475133958333333,0.10107601324763191,0.09726648409767505,timesfm3,,24
2010-08-14 17:00:00,0.17061465583333332,0.382358518677434,0.25628948860719336,timesfm3,,24
2010-08-15 17:00:00,0.4917724104166667,0.6705080509754398,0.7387178959580939,timesfm3,,24
2010-08-16 17:00:00,0.4546101108333333,0.5380809916296928,0.6828943987962572,timesfm3,,24
2010-09-06 17:00:00,0.3273895420833333,0.4532735627629185,0.4917895119036294,timesfm3,,24
2010-09-07 17:00:00,0.5220719654166667,0.6817097774764985,0.7842324938573582,timesfm3,,24
2010-09-08 17:00:00,0.32375819958333335,0.4242604090086303,0.4863346762229731,timesfm3,,24
2010-09-09 17:00:00,0.41229828041666666,0.48974632801717893,0.6193355132681878,timesfm3,,24
2010-09-10 17:00:00,0.4093418008333333,0.5393546108347338,0.6148944256207686,timesfm3,,24
2010-09-11 17:00:00,0.7515166804166666,0.9162580420832948,1.128893791468372,timesfm3,,24
2010-09-12 17:00:00,0.3915234975,0.469467242004113,0.5881285899025942,timesfm3,,24
2010-09-13 17:00:00,0.25297429416666667,0.3987021896041258,0.3800063491970766,timesfm3,,24
2010-09-14 17:00:00,0.23532190166666667,0.3206445048273461,0.35348973710170134,timesfm3,,24
2010-09-15 17:00:00,0.342786305,0.4856095532552854,0.5149178209861354,timesfm3,,24
2010-09-16 17:00:00,0.3407663916666667,0.6432517921434476,0.511883600082296,timesfm3,,24
2010-09-17 17:00:00,0.43997735541666666,0.5875279340388542,0.6609137466398851,timesfm3,,24
2010-09-18 17:00:00,0.4288042375,0.4853531202080062,0.6441300028107052,timesfm3,,24
2010-09-19 17:00:00,0.5049737612499999,0.664369443960349,0.7585483579865389,timesfm3,,24
2010-09-20 17:00:00,0.20195561666666664,0.25613831293264683,0.3033684384500461,timesfm3,,24
2010-09-21 17:00:00,0.40407832583333336,0.5298578392829008,0.6069878755682074,timesfm3,,24
2010-09-22 17:00:00,0.3779140925,0.47770057588992987,0.5676851676733491,timesfm3,,24
2010-09-23 17:00:00,0.23726690125000002,0.30365690992539673,0.35641142601593306,timesfm3,,24
2010-10-13 17:00:00,0.378437835,0.5475966990354565,0.5684719095674217,timesfm3,,24
2010-10-14 17:00:00,0.42991955458333336,0.6416947725002813,0.6458053808345111,timesfm3,,24
2010-10-15 17:00:00,0.37924934083333334,0.4752496902250747,0.5696909163052128,timesfm3,,24
2010-10-16 17:00:00,0.6896490316666667,0.8699254216768725,1.0359590551057698,timesfm3,,24
2010-10-17 17:00:00,0.8638941979166667,1.258789794141157,1.2977021294763078,timesfm3,,24
2010-10-18 17:00:00,0.646163905,0.8995234174596664,0.9706376979164676,timesfm3,,24
2010-10-19 17:00:00,0.423486105,0.6592469729827872,0.6361413487756044,timesfm3,,24
2010-10-20 17:00:00,0.39941603624999994,0.5463087378535608,0.5999843985971645,timesfm3,,24
2010-10-21 17:00:00,0.30600083541666667,0.3735072121653995,0.45966038051808117,timesfm3,,24
2010-10-22 17:00:00,0.6442342629166667,0.8612545540007018,0.967739078332371,timesfm3,,24
2010-11-07 17:00:00,0.4211457875,0.574695908879708,0.6326258314695214,timesfm3,,24
2010-11-08 17:00:00,0.45810005458333336,0.5972387016311238,0.6881368317782698,timesfm3,,24
2010-11-09 17:00:00,0.8003028241666668,1.0348997395146264,1.2021780927010788,timesfm3,,24
2010-11-10 17:00:00,0.6401685891666667,0.8655623138355016,0.9616318102249404,timesfm3,,24
2010-11-11 17:00:00,0.4968470925,0.660321119675486,0.7463408499747293,timesfm3,,24
2010-11-12 17:00:00,0.49449312416666674,0.6570743368998506,0.7428048270146804,timesfm3,,24
2010-11-13 17:00:00,0.6119745983333333,0.8865219873709419,0.9192800939718563,timesfm3,,24
2010-11-14 17:00:00,0.5190590820833333,0.7262777279233746,0.7797066790909676,timesfm3,,24
2010-11-15 17:00:00,0.4502003408333333,0.6021646851098974,0.676270245128712,timesfm3,,24
2010-11-16 17:00:00,0.31785070208333327,0.4139777587364082,0.47746070519259287,timesfm3,,24
2010-11-17 17:00:00,0.26461305458333334,0.39090572837498794,0.39748955977262657,timesfm3,,24
2010-11-18 17:00:00,0.27751569166666673,0.40173479101976034,0.41687130774509856,timesfm3,,24
2010-11-19 17:00:00,0.36968378125,0.5058841004718073,0.5553219726650548,timesfm3,,24
2010-11-20 17:00:00,0.7310014145833333,1.10643739267784,1.0980767027289275,timesfm3,,24
2010-11-21 17:00:00,0.5513773475,0.7757099765401146,0.8282536909279825,timesfm3,,24
2010-11-22 17:00:00,0.3427085595833334,0.4959791235641219,0.5148010353971031,timesfm3,,24
2010-11-23 17:00:00,0.26769935625,0.4099057639297886,0.4021256601824894,timesfm3,,24
2010-11-24 17:00:00,0.38361769916666666,0.5065090622966858,0.5762528632718124,timesfm3,,24
2010-11-25 17:00:00,0.2608006491666666,0.3276686468159896,0.39176273970650466,timesfm3,,24
2010-03-01 17:00:00,0.28072660125,0.36772021081531625,0.4216945884360628,toto2,,24
2010-03-02 17:00:00,0.29252136624999997,0.40312825003102776,0.4394121419212976,toto2,,24
2010-03-03 17:00:00,0.29433669333333334,0.3918319923843687,0.44213904277028904,toto2,,24
2010-03-04 17:00:00,0.31773936249999996,0.5212565554070351,0.4772934559915506,toto2,,24
2010-03-05 17:00:00,0.2843446054166667,0.38237280300046556,0.4271293878858797,toto2,,24
2010-03-06 17:00:00,0.19661255166666666,0.2859721976047444,0.2953423319602104,toto2,,24
2010-03-07 17:00:00,1.4153495212499998,1.7419249932143497,2.126072952114641,toto2,,24
2010-03-08 17:00:00,0.4133652925,0.5239909841001577,0.6209383297427721,toto2,,24
2010-03-09 17:00:00,0.4191347095833333,0.5479124745809932,0.6296048827222156,toto2,,24
2010-03-10 17:00:00,0.3795809829166667,0.5076217010326521,0.5701890937889875,toto2,,24
2010-03-11 17:00:00,0.9535445129166668,1.2296674657539617,1.4323707092216995,toto2,,24
2010-03-12 17:00:00,0.48595420666666667,0.7163337573973925,0.7299780578919163,toto2,,24
2010-03-13 17:00:00,0.6408356254166666,0.9398771980874562,0.9626338013994964,toto2,,24
2010-03-14 17:00:00,0.4261496258333333,0.6264440608534186,0.6401423672633505,toto2,,24
2010-03-15 17:00:00,0.48425359875,0.6246326114480798,0.7274234828986074,toto2,,24
2010-03-16 17:00:00,0.34020031791666666,0.48174154342316977,0.5110332701314905,toto2,,24
2010-03-17 17:00:00,0.35890500416666665,0.5445022782357195,0.5391305894980833,toto2,,24
2010-03-18 17:00:00,0.32602370166666667,0.4573510840684339,0.48973780925125887,toto2,,24
2010-04-04 17:00:00,0.6565831795833333,0.7956062018158119,0.9862890529631818,toto2,,24
2010-04-05 17:00:00,0.35146997333333335,0.4133267466606985,0.5279620281529482,toto2,,24
2010-04-06 17:00:00,0.3895626033333333,0.5304819321701573,0.5851830248763473,toto2,,24
2010-04-07 17:00:00,0.25856652416666664,0.3321892404686539,0.3884067398896198,toto2,,24
2010-04-08 17:00:00,0.29038228708333336,0.3783675480401967,0.4361989155836328,toto2,,24
2010-04-09 17:00:00,0.5459079083333334,0.7422572370094027,0.8200377509775337,toto2,,24
2010-04-25 17:00:00,0.5209637595833333,0.6148846011850473,0.7825677980262218,toto2,,24
2010-04-26 17:00:00,0.5576378029166666,0.6832766969742637,0.8376578591065532,toto2,,24
2010-04-27 17:00:00,0.4336661358333333,0.519847059798901,0.651433322865035,toto2,,24
2010-04-28 17:00:00,0.48109060625,0.6253113472056845,0.72267218104629,toto2,,24
2010-04-29 17:00:00,0.3438987191666667,0.5280260397843803,0.5165888383820436,toto2,,24
2010-04-30 17:00:00,0.51929576375,0.7375182561607204,0.7800622114045102,toto2,,24
2010-05-01 17:00:00,0.7672991170833333,1.1212606484892096,1.1526014419191442,toto2,,24
2010-05-02 17:00:00,0.56619575375,0.7406548712239436,0.8505132192272163,toto2,,24
2010-05-03 17:00:00,0.5605250775,0.8514638214631985,0.8419949901860421,toto2,,24
2010-05-04 17:00:00,0.5047612441666667,0.7083446855003104,0.7582291245986348,toto2,,24
2010-05-05 17:00:00,0.5751490058333334,0.7928539378847516,0.8639623827038307,toto2,,24
2010-05-06 17:00:00,0.33165581833333335,0.4103013677032848,0.49819811585988993,toto2,,24
2010-05-07 17:00:00,0.5698621470833333,0.7014848726069214,0.8560207066575501,toto2,,24
2010-05-08 17:00:00,0.47853916375,0.6644776048624699,0.7188395214758576,toto2,,24
2010-05-09 17:00:00,0.3967204104166666,0.5618500136808721,0.5959351534550812,toto2,,24
2010-05-10 17:00:00,0.43388055416666665,0.5884041927483759,0.6517554122232416,toto2,,24
2010-05-11 17:00:00,0.5062483058333334,0.6923798965045806,0.7604629202372091,toto2,,24
2010-05-12 17:00:00,0.41360817624999996,0.6535600558125463,0.6213031785406344,toto2,,24
2010-05-28 17:00:00,0.39283079416666666,0.5248246714389463,0.5900923508264224,toto2,,24
2010-05-29 17:00:00,0.59321995,0.8425088155133876,0.8911077238616758,toto2,,24
2010-05-30 17:00:00,0.47399788375,0.6410161655668554,0.7120178195350876,toto2,,24
2010-05-31 17:00:00,0.34620792250000004,0.514665030229638,0.5200576174180496,toto2,,24
2010-06-01 17:00:00,0.39254496791666665,0.47474038523135703,0.5896629957801913,toto2,,24
2010-06-02 17:00:00,0.32000254666666667,0.4121960803118839,0.4806931071520319,toto2,,24
2010-06-03 17:00:00,0.274591105,0.4124801612498159,0.4124781281701878,toto2,,24
2010-06-04 17:00:00,0.39361206291666667,0.5367253293902463,0.5912659368083786,toto2,,24
2010-06-05 17:00:00,0.7743304229166666,1.0061199920791744,1.1631635461385268,toto2,,24
2010-06-06 17:00:00,0.5841235479166667,0.7255255716436309,0.8774435270392159,toto2,,24
2010-06-07 17:00:00,0.25986019541666666,0.31927462640787485,0.3903500333392295,toto2,,24
2010-06-08 17:00:00,0.2791380654166667,0.40954630162210165,0.41930836297160506,toto2,,24
2010-06-09 17:00:00,0.38023265875,0.5194375145709634,0.5711680112521262,toto2,,24
2010-06-10 17:00:00,0.23300100624999998,0.31710680845713995,0.350003394755887,toto2,,24
2010-06-11 17:00:00,0.27312251125,0.34102380149266803,0.4102720741866021,toto2,,24
2010-06-27 17:00:00,0.3768928325,0.5204064625569944,0.5661510778739905,toto2,,24
2010-07-13 17:00:00,0.2854409983333333,0.39112728624895376,0.4287763388969319,toto2,,24
2010-07-29 17:00:00,0.1324923066666667,0.23463136253235395,0.19902384911855456,toto2,,24
2010-07-30 17:00:00,0.17264512166666668,0.3142954395104594,0.25933956099117267,toto2,,24
2010-07-31 17:00:00,0.06248503125000001,0.1337778918794038,0.09386213995772257,toto2,,24
2010-08-01 17:00:00,0.02069808291666667,0.02833063546688129,0.03109170815339415,toto2,,24
2010-08-02 17:00:00,0.08476375124999998,0.15600007706489968,0.12732820843662582,toto2,,24
2010-08-03 17:00:00,0.0901252025,0.12498578882704368,0.13538193390553976,toto2,,24
2010-08-04 17:00:00,0.05407297083333334,0.10047993644276572,0.08122592971077666,toto2,,24
2010-08-05 17:00:00,0.050624568333333335,0.0892691613577249,0.07604589808383304,toto2,,24
2010-08-06 17:00:00,0.03412724625000001,0.050330870255881774,0.05126437964115066,toto2,,24
2010-08-07 17:00:00,0.04220382166666666,0.06156982789655545,0.0633966397516594,toto2,,24
2010-08-08 17:00:00,0.060329190833333345,0.1047271071988868,0.09062373564123787,toto2,,24
2010-08-09 17:00:00,0.04327518250000001,0.06918641968401097,0.06500598871847386,toto2,,24
2010-08-10 17:00:00,0.07189501958333333,0.14247388252859047,0.10799739162159797,toto2,,24
2010-08-11 17:00:00,0.04709932875,0.08700247976617805,0.07075044532441177,toto2,,24
2010-08-12 17:00:00,0.03634672125,0.04659556353385253,0.054598372901859246,toto2,,24
2010-08-13 17:00:00,0.036162923333333326,0.0470848550635505,0.054322280125189554,toto2,,24
2010-08-14 17:00:00,0.14102712958333333,0.3613816342622479,0.21184446754656472,toto2,,24
2010-08-15 17:00:00,0.5209744179166668,0.7170485250492586,0.7825838084843275,toto2,,24
2010-08-16 17:00:00,0.54139467125,0.6267624215114928,0.813258173816352,toto2,,24
2010-09-06 17:00:00,0.30171608625,0.44616381485813095,0.45322402739606205,toto2,,24
2010-09-07 17:00:00,0.48912353374999995,0.6375768682607199,0.734738875263959,toto2,,24
2010-09-08 17:00:00,0.2832183366666667,0.3736624221188565,0.4254375587721268,toto2,,24
2010-09-09 17:00:00,0.44100532875,0.524093588714263,0.6624579208997986,toto2,,24
2010-09-10 17:00:00,0.43398466625,0.5651180890731438,0.6519118046062113,toto2,,24
2010-09-11 17:00:00,0.7804140308333333,0.946865839618885,1.1723020621366615,toto2,,24
2010-09-12 17:00:00,0.4096671175,0.5151736638064179,0.6153831013545628,toto2,,24
2010-09-13 17:00:00,0.34436812083333335,0.4915393156583462,0.5172939519756782,toto2,,24
2010-09-14 17:00:00,0.26498732291666666,0.35597439330628755,0.39805176844856566,toto2,,24
2010-09-15 17:00:00,0.32720687958333333,0.4910642771811514,0.4915151246976532,toto2,,24
2010-09-16 17:00:00,0.3563138691666667,0.6752323889361506,0.5352383056797994,toto2,,24
2010-09-17 17:00:00,0.37848823875,0.58104531832331,0.5685476237623616,toto2,,24
2010-09-18 17:00:00,0.27172134708333334,0.36274454251595445,0.40816730982169014,toto2,,24
2010-09-19 17:00:00,0.44819371083333337,0.614074947446722,0.6732559778372419,toto2,,24
2010-09-20 17:00:00,0.22911209125,0.3130360854844798,0.3441616455127243,toto2,,24
2010-09-21 17:00:00,0.3832976104166667,0.5084369606924315,0.575772040673978,toto2,,24
2010-09-22 17:00:00,0.3677236345833334,0.46835231417194884,0.5523775304989268,toto2,,24
2010-09-23 17:00:00,0.2810690995833333,0.35006625745920983,0.4222090736792564,toto2,,24
2010-10-13 17:00:00,0.36961371708333335,0.5388083690428205,0.5552167254964748,toto2,,24
2010-10-14 17:00:00,0.4125814220833333,0.6140218133670565,0.6197608356568124,toto2,,24
2010-10-15 17:00:00,0.3812655191666667,0.5046753692405522,0.5727195266638427,toto2,,24
2010-10-16 17:00:00,0.6671760545833333,0.8534524910705228,1.0022011825710972,toto2,,24
2010-10-17 17:00:00,1.0212408733333334,1.4542795197496554,1.5340610681595865,toto2,,24
2010-10-18 17:00:00,0.64326966625,0.8989542738209343,0.9662901055861276,toto2,,24
2010-10-19 17:00:00,0.38856508875,0.6372739218932083,0.58368460434974,toto2,,24
2010-10-20 17:00:00,0.4006604466666666,0.5359342659008364,0.6018536946886827,toto2,,24
2010-10-21 17:00:00,0.3234172691666667,0.4254780210000158,0.48582254623208015,toto2,,24
2010-10-22 17:00:00,0.67933125375,0.9013927710789065,1.0204601636834043,toto2,,24
2010-11-07 17:00:00,0.3580786775,0.48424231001723206,0.5378893195861401,toto2,,24
2010-11-08 17:00:00,0.39255635375000003,0.49621181763758027,0.5896800990553357,toto2,,24
2010-11-09 17:00:00,0.7971963520833333,1.0102885993740387,1.197511693219033,toto2,,24
2010-11-10 17:00:00,0.6385995983333334,0.8702223309388132,0.9592749443605142,toto2,,24
2010-11-11 17:00:00,0.5428913470833333,0.6931932325945115,0.8155064114138915,toto2,,24
2010-11-12 17:00:00,0.48021716291666666,0.6363438434212657,0.7213601346448013,toto2,,24
2010-11-13 17:00:00,0.6485180154166666,0.8744320712521667,0.9741739343075649,toto2,,24
2010-11-14 17:00:00,0.7294791804166666,0.9122061119629695,1.095790072578605,toto2,,24
2010-11-15 17:00:00,0.39495790375,0.5146283518994907,0.5932875970065425,toto2,,24
2010-11-16 17:00:00,0.3361225404166666,0.3895017682870966,0.5049078203275191,toto2,,24
2010-11-17 17:00:00,0.25561146,0.34922393847007016,0.3839677784160155,toto2,,24
2010-11-18 17:00:00,0.27409432125,0.4045895179251331,0.41173188247040315,toto2,,24
2010-11-19 17:00:00,0.35547788875,0.4794330076435161,0.5339825343486282,toto2,,24
2010-11-20 17:00:00,0.6957559358333333,1.0753331351954423,1.0451325656591484,toto2,,24
2010-11-21 17:00:00,0.5789384595833332,0.8208023541763056,0.8696547258319428,toto2,,24
2010-11-22 17:00:00,0.42313381625,0.6188570874722927,0.6356121568188022,toto2,,24
2010-11-23 17:00:00,0.31490223,0.44587766095830655,0.4730316460433704,toto2,,24
2010-11-24 17:00:00,0.3917381420833333,0.5149870134431991,0.5884510191231446,toto2,,24
2010-11-25 17:00:00,0.25670510999999996,0.3176367035781659,0.3856106091438109,toto2,,24
2010-03-01 17:00:00,0.7720821441666667,1.0388581324120614,1.1597862852093908,seasonal-naive,,168
2010-03-02 17:00:00,0.8010857158333332,1.0601913671447225,1.2033541165538055,seasonal-naive,,168
2010-03-03 17:00:00,0.7975517869047619,1.0603876377909118,1.1980456110596325,seasonal-naive,,168
2010-03-04 17:00:00,0.7750823426785713,1.0445514208566649,1.1642930454204667,seasonal-naive,,168
2010-03-05 17:00:00,0.817050397857143,1.112944840697269,1.2273355275977404,seasonal-naive,,168
2010-03-06 17:00:00,0.7902734155357143,1.0992148819035978,1.1871123763562277,seasonal-naive,,168
2010-03-07 17:00:00,0.851199209047619,1.1628506623197812,1.2786323011005993,seasonal-naive,,168
2010-03-08 17:00:00,0.7913166660714285,1.0695015290655996,1.1886794993268859,seasonal-naive,,168
2010-03-09 17:00:00,0.7592799633333334,1.050809908842686,1.1405554379952045,seasonal-naive,,168
2010-03-10 17:00:00,0.6972144843452381,0.9958235286806408,1.047323530148096,seasonal-naive,,168
2010-03-11 17:00:00,0.6621628967857143,0.9645298366934492,0.9946706475066652,seasonal-naive,,168
2010-03-12 17:00:00,0.5856144826190476,0.8575814521507001,0.8796831405739007,seasonal-naive,,168
2010-04-25 17:00:00,0.7235055582142857,0.9457096658861466,1.0868167720617004,seasonal-naive,,168
2010-04-26 17:00:00,0.74957321875,0.9955833081320712,1.1259744127418212,seasonal-naive,,168
2010-04-27 17:00:00,0.7187871071428571,0.9638666044533901,1.0797289318863768,seasonal-naive,,168
2010-04-28 17:00:00,0.7193353206547619,0.9667796300935377,1.0805524330089935,seasonal-naive,,168
2010-04-29 17:00:00,0.6670712317857144,0.9361156250278109,1.002043722585817,seasonal-naive,,168
2010-04-30 17:00:00,0.6718678586309524,0.9432230620808493,1.0092489948128787,seasonal-naive,,168
2010-05-01 17:00:00,0.7234474221428572,0.9799113073309246,1.086729442729157,seasonal-naive,,168
2010-05-02 17:00:00,0.6501662692261905,0.9159394211013508,0.9766498653691401,seasonal-naive,,168
2010-05-03 17:00:00,0.5761583296428571,0.8206506720626378,0.8654785425068584,seasonal-naive,,168
2010-05-04 17:00:00,0.5737704332142857,0.8260618610267655,0.8618915543226584,seasonal-naive,,168
2010-05-05 17:00:00,0.5395658676190477,0.7795501779378237,0.8105110291173785,seasonal-naive,,168
2010-05-06 17:00:00,0.5472009867857143,0.7868784820122467,0.8219801539538256,seasonal-naive,,168
2010-05-28 17:00:00,0.48366666583333334,0.7058375062776651,0.7265418192670482,seasonal-naive,,168
2010-05-29 17:00:00,0.4688073400595238,0.6969385146739367,0.7042208235412326,seasonal-naive,,168
2010-05-30 17:00:00,0.48682578946428573,0.7065144996574374,0.73128730948223,seasonal-naive,,168
2010-05-31 17:00:00,0.47646090946428576,0.7138183684464326,0.7157176634767317,seasonal-naive,,168
2010-06-01 17:00:00,0.46328233625,0.6935763649814738,0.695921416939968,seasonal-naive,,168
2010-06-02 17:00:00,0.45026547160714286,0.6874591336598911,0.6763680815814523,seasonal-naive,,168
2010-06-03 17:00:00,0.466307932797619,0.6878816734576935,0.7004663289121168,seasonal-naive,,168
2010-06-04 17:00:00,0.47513610892857144,0.6924956743765496,0.713727609045907,seasonal-naive,,168
2010-06-05 17:00:00,0.46499563285714285,0.6786532704581482,0.6984950523004966,seasonal-naive,,168
2010-07-29 17:00:00,0.42178650482142854,0.6143044597046672,0.6335882875601114,seasonal-naive,,168
2010-07-30 17:00:00,0.38486210077380956,0.5924896839822739,0.5781221461300691,seasonal-naive,,168
2010-07-31 17:00:00,0.3511793625595238,0.565356506054172,0.5275254860151137,seasonal-naive,,168
2010-08-01 17:00:00,0.2970827360714286,0.5149575434054647,0.4462640218677907,seasonal-naive,,168
2010-08-02 17:00:00,0.2667732117261905,0.4617354802784992,0.4007344484766477,seasonal-naive,,168
2010-08-03 17:00:00,0.22339007809523811,0.3923629949782058,0.33556630053444697,seasonal-naive,,168
2010-08-04 17:00:00,0.1835763881547619,0.3280917976116037,0.27576000672825884,seasonal-naive,,168
2010-08-05 17:00:00,0.1861646819047619,0.3268069367092697,0.27964802255147564,seasonal-naive,,168
2010-08-06 17:00:00,0.1858873010714286,0.3280903257759255,0.27923135382171616,seasonal-naive,,168
2010-08-07 17:00:00,0.18599285607142857,0.3254584174683786,0.2793899136877358,seasonal-naive,,168
2010-08-08 17:00:00,0.19228809339285713,0.34888191169443533,0.28884632964385343,seasonal-naive,,168
2010-08-09 17:00:00,0.24790853125,0.4429004726473743,0.37239679314237256,seasonal-naive,,168
2010-08-10 17:00:00,0.3101101182142857,0.5062749664382796,0.46583315613105614,seasonal-naive,,168
2010-09-06 17:00:00,0.5366166667261905,0.7205354365344732,0.8060808751840106,seasonal-naive,,168
2010-09-07 17:00:00,0.5169351175,0.708956734727381,0.776516157185194,seasonal-naive,,168
2010-09-08 17:00:00,0.4397845250595238,0.6285998239179131,0.6606240857465774,seasonal-naive,,168
2010-09-09 17:00:00,0.43195496172619047,0.6183430866363254,0.6488628758263825,seasonal-naive,,168
2010-09-10 17:00:00,0.4262914708333333,0.6188032874450882,0.6403554402982191,seasonal-naive,,168
2010-09-11 17:00:00,0.4332013928571429,0.6289142776750687,0.6507352073419583,seasonal-naive,,168
2010-09-12 17:00:00,0.4387954417857142,0.6405360616287062,0.6591383303453403,seasonal-naive,,168
2010-09-13 17:00:00,0.461182940297619,0.6684955628466615,0.6927678009015819,seasonal-naive,,168
2010-09-14 17:00:00,0.46547857696428574,0.6618403121377647,0.6992205087253328,seasonal-naive,,168
2010-09-15 17:00:00,0.500252188452381,0.6930738177952612,0.7514558284977153,seasonal-naive,,168
2010-09-16 17:00:00,0.521584726845238,0.7169751367245432,0.7835005864857949,seasonal-naive,,168
2010-09-17 17:00:00,0.5260537711904762,0.7354769022388832,0.7902137793484458,seasonal-naive,,168
2010-10-13 17:00:00,0.6321732080952381,0.9053294922962264,0.9496215165253311,seasonal-naive,,168
2010-10-14 17:00:00,0.6121160667857143,0.8885184390657296,0.919492601374211,seasonal-naive,,168
2010-10-15 17:00:00,0.5996642830357143,0.8752443427026673,0.900788104542167,seasonal-naive,,168
2010-10-16 17:00:00,0.6216755924404762,0.9118724389095151,0.9338524811243983,seasonal-naive,,168
2010-11-07 17:00:00,0.827145239345238,1.1031856116780951,1.2424995341710203,seasonal-naive,,168
2010-11-08 17:00:00,0.7608073392261905,1.053478171112024,1.1428497918101177,seasonal-naive,,168
2010-11-09 17:00:00,0.6951039632142857,0.9982331220928286,1.0441532023781601,seasonal-naive,,168
2010-11-10 17:00:00,0.6383309480357143,0.9195902922788461,0.9588713902399455,seasonal-naive,,168
2010-11-11 17:00:00,0.6065152719642857,0.8637272685621752,0.9110793450008547,seasonal-naive,,168
2010-11-12 17:00:00,0.5812180492857143,0.8097197043724517,0.873079020633605,seasonal-naive,,168
2010-11-13 17:00:00,0.5791142779761904,0.8119006146618142,0.8699188321349625,seasonal-naive,,168
2010-11-14 17:00:00,0.6327640778571428,0.9259458632498689,0.9505090939047325,seasonal-naive,,168
2010-11-15 17:00:00,0.6909267766071429,0.9804781608590126,1.0378784247857402,seasonal-naive,,168
2010-11-16 17:00:00,0.7051783638690476,0.9988042132675458,1.0592865036717791,seasonal-naive,,168
2010-11-17 17:00:00,0.6461795600595238,0.9500156134814548,0.9706612142268332,seasonal-naive,,168
2010-11-18 17:00:00,0.5844579368452381,0.8745581856719464,0.8779458307075666,seasonal-naive,,168
2010-11-19 17:00:00,0.5659803563095238,0.85615671749935,0.8501896590992936,seasonal-naive,,168
2010-03-01 17:00:00,0.5557338229761906,0.7510090895787424,0.8347977880131316,lstm,42.0,168
2010-03-02 17:00:00,0.5901239464285715,0.7988989958972487,0.8864570496967167,lstm,42.0,168
2010-03-03 17:00:00,0.6072064789285714,0.8008525362063852,0.9121176443106841,lstm,42.0,168
2010-03-04 17:00:00,0.5456919958333333,0.7510741431575967,0.8197134171508842,lstm,42.0,168
2010-03-05 17:00:00,0.5403884297619047,0.7447153148775553,0.8117466441348035,lstm,42.0,168
2010-03-06 17:00:00,0.5577496748809524,0.7670591630746265,0.8378259080257755,lstm,42.0,168
2010-03-07 17:00:00,0.5616999264285715,0.8034948167831236,0.8437597942096098,lstm,42.0,168
2010-03-08 17:00:00,0.4390024786904762,0.621674590124673,0.6594493316610542,lstm,42.0,168
2010-03-09 17:00:00,0.44451968000000003,0.6071250347253545,0.6677370177056933,lstm,42.0,168
2010-03-10 17:00:00,0.43739399857142863,0.601667387919019,0.6570331468079299,lstm,42.0,168
2010-03-11 17:00:00,0.45524434470238095,0.6216874162229671,0.6838471157428856,lstm,42.0,168
2010-03-12 17:00:00,0.43091331898809526,0.5959683315700339,0.6472981680153571,lstm,42.0,168
2010-04-25 17:00:00,0.4404558198809524,0.6744639275894833,0.6616324739512616,lstm,42.0,168
2010-04-26 17:00:00,0.5022204488690476,0.774251360799246,0.7544124587659031,lstm,42.0,168
2010-04-27 17:00:00,0.5029644147619047,0.746241396680466,0.7555300101115964,lstm,42.0,168
2010-04-28 17:00:00,0.5556512597023809,0.8028211613786386,0.8346737652606955,lstm,42.0,168
2010-04-29 17:00:00,0.558191861547619,0.8109250978845102,0.8384901404981583,lstm,42.0,168
2010-04-30 17:00:00,0.5640270970833333,0.8227310835683471,0.8472555629294624,lstm,42.0,168
2010-05-01 17:00:00,0.6425092902380952,0.88874990501039,0.9651479037143809,lstm,42.0,168
2010-05-02 17:00:00,0.49845594142857147,0.6679790171853508,0.7487575888365573,lstm,42.0,168
2010-05-03 17:00:00,0.5527530673214285,0.751454709858345,0.830320233967785,lstm,42.0,168
2010-05-04 17:00:00,0.5243743326190476,0.7141464517230712,0.7876910039718739,lstm,42.0,168
2010-05-05 17:00:00,0.4883043780952381,0.6569967655924307,0.7335083773162698,lstm,42.0,168
2010-05-06 17:00:00,0.4835513855357143,0.6491757743545771,0.7263686505062582,lstm,42.0,168
2010-05-28 17:00:00,0.46779200744047617,0.6196664957262211,0.702695637580912,lstm,42.0,168
2010-05-29 17:00:00,0.468676823452381,0.6321557800686576,0.7040247674970669,lstm,42.0,168
2010-05-30 17:00:00,0.5200961356547619,0.7079055206922916,0.7812644932669041,lstm,42.0,168
2010-05-31 17:00:00,0.5273594816071429,0.7248188495684645,0.7921751574804831,lstm,42.0,168
2010-06-01 17:00:00,0.5275747588095238,0.7213763810371064,0.7924985369922695,lstm,42.0,168
2010-06-02 17:00:00,0.5118525870833333,0.7131675007863062,0.7688814137632075,lstm,42.0,168
2010-06-03 17:00:00,0.45722271672619047,0.6604957143402432,0.6868189352022421,lstm,42.0,168
2010-06-04 17:00:00,0.4675486641666666,0.6707729245712308,0.7023300985075187,lstm,42.0,168
2010-06-05 17:00:00,0.4282729886904762,0.6269537673677004,0.6433319852837172,lstm,42.0,168
2010-07-29 17:00:00,0.30711181809523813,0.3915507410153569,0.46132924759841376,lstm,42.0,168
2010-07-30 17:00:00,0.3193860951190476,0.4087498901022232,0.47976710199075934,lstm,42.0,168
2010-07-31 17:00:00,0.26219189136904764,0.341240872827604,0.39385259975302545,lstm,42.0,168
2010-08-01 17:00:00,0.2366961224404762,0.3186883481444131,0.3555540283411191,lstm,42.0,168
2010-08-02 17:00:00,0.20993746547619047,0.29569896755912184,0.31535840460823544,lstm,42.0,168
2010-08-03 17:00:00,0.25434415946428574,0.32381732863968443,0.3820640978404903,lstm,42.0,168
2010-08-04 17:00:00,0.15482915238095238,0.2544267588323827,0.23257723137197767,lstm,42.0,168
2010-08-05 17:00:00,0.17609284678571427,0.26857438849599996,0.2645185750876056,lstm,42.0,168
2010-08-06 17:00:00,0.22238076529761905,0.3070321884356514,0.33405015727299603,lstm,42.0,168
2010-08-07 17:00:00,0.22571256398809525,0.309335174497175,0.33905503202044096,lstm,42.0,168
2010-08-08 17:00:00,0.14655595505952382,0.27368608989427445,0.22014961487971924,lstm,42.0,168
2010-08-09 17:00:00,0.18554978726190477,0.3800090191131883,0.278724356100927,lstm,42.0,168
2010-08-10 17:00:00,0.2885303713095238,0.4554924514422845,0.43341705288669724,lstm,42.0,168
2010-09-06 17:00:00,0.44054858142857145,0.5937295390954607,0.6617718160815468,lstm,42.0,168
2010-09-07 17:00:00,0.4347198901190476,0.5940852944332599,0.6530162240858256,lstm,42.0,168
2010-09-08 17:00:00,0.4274953242857143,0.5838790369000965,0.6421638135833965,lstm,42.0,168
2010-09-09 17:00:00,0.4460704704166667,0.5971016198408495,0.670066543741327,lstm,42.0,168
2010-09-10 17:00:00,0.43650003291666667,0.6016590821364383,0.655690272719111,lstm,42.0,168
2010-09-11 17:00:00,0.4504049648809524,0.630186085264349,0.6765776219614048,lstm,42.0,168
2010-09-12 17:00:00,0.4277548204166667,0.5999454050358657,0.6425536167358425,lstm,42.0,168
2010-09-13 17:00:00,0.43505746928571426,0.6188689690832825,0.6535233199831086,lstm,42.0,168
2010-09-14 17:00:00,0.3823566735119047,0.5574940067226293,0.5743586085338419,lstm,42.0,168
2010-09-15 17:00:00,0.4001187539285714,0.569930699720555,0.6010399887725609,lstm,42.0,168
2010-09-16 17:00:00,0.40603531000000004,0.5777530484934684,0.609927567172294,lstm,42.0,168
2010-09-17 17:00:00,0.3526715734523809,0.4497310763965273,0.5297670165844337,lstm,42.0,168
2010-10-13 17:00:00,0.5731297750595238,0.7939782801755387,0.8609291871095138,lstm,42.0,168
2010-10-14 17:00:00,0.545223424047619,0.7687315598702861,0.8190095501662461,lstm,42.0,168
2010-10-15 17:00:00,0.5134779872023809,0.7433093625987692,0.7713230150621001,lstm,42.0,168
2010-10-16 17:00:00,0.5522404081547618,0.7773918251520826,0.8295501409472702,lstm,42.0,168
2010-11-07 17:00:00,0.5707584311904762,0.7942705006768682,0.857367063418899,lstm,42.0,168
2010-11-08 17:00:00,0.5972649516071429,0.8252395567732709,0.8971839392269174,lstm,42.0,168
2010-11-09 17:00:00,0.6251223647023809,0.8307383376977009,0.9390300638826576,lstm,42.0,168
2010-11-10 17:00:00,0.5057445132738095,0.7358945157963028,0.7597061462261265,lstm,42.0,168
2010-11-11 17:00:00,0.49281048125,0.7038035915066291,0.7402772382180749,lstm,42.0,168
2010-11-12 17:00:00,0.47740499845238094,0.667806421166178,0.7171358305314715,lstm,42.0,168
2010-11-13 17:00:00,0.47842075470238093,0.6525976932688045,0.7186616528507238,lstm,42.0,168
2010-11-14 17:00:00,0.43598221047619046,0.6235457421247302,0.6549124236661631,lstm,42.0,168
2010-11-15 17:00:00,0.42314116226190474,0.6137500382292066,0.6356231916600072,lstm,42.0,168
2010-11-16 17:00:00,0.4792238831547619,0.6483790114960672,0.7198680754721642,lstm,42.0,168
2010-11-17 17:00:00,0.44958456005952385,0.6349885153873613,0.6753452475730042,lstm,42.0,168
2010-11-18 17:00:00,0.4804912813095238,0.7023852458389059,0.7217719026865328,lstm,42.0,168
2010-11-19 17:00:00,0.4339659201190476,0.6624130799027771,0.6518836450305191,lstm,42.0,168
2010-03-01 17:00:00,0.5307675645833333,0.7092264040398518,0.7972946229732483,chronos2,,168
2010-03-02 17:00:00,0.5024642373809524,0.7186536419359897,0.7547786666554845,chronos2,,168
2010-03-03 17:00:00,0.5541279589880952,0.7869573164495894,0.8323855329915953,chronos2,,168
2010-03-04 17:00:00,0.5763803652380952,0.8541875759537707,0.8658120741655442,chronos2,,168
2010-03-05 17:00:00,0.7045187998809523,1.0120208945138407,1.058295736985371,chronos2,,168
2010-03-06 17:00:00,0.7511030425595239,1.0574801027047716,1.1282724437045597,chronos2,,168
2010-03-07 17:00:00,0.8574331837499999,1.1514549273047554,1.287996691168145,chronos2,,168
2010-03-08 17:00:00,0.49331769249999996,0.6897092159200331,0.741039147628749,chronos2,,168
2010-03-09 17:00:00,0.5556534854166666,0.7931730603129115,0.8346771086263243,chronos2,,168
2010-03-10 17:00:00,0.4620153239285714,0.6378727532910141,0.6940181693066866,chronos2,,168
2010-03-11 17:00:00,0.5996645104761905,0.838577152683562,0.9007884461927893,chronos2,,168
2010-03-12 17:00:00,0.4428149369642857,0.625173446943904,0.665176231126745,chronos2,,168
2010-04-25 17:00:00,0.4979414942261905,0.655187563542537,0.7479848099110329,chronos2,,168
2010-04-26 17:00:00,0.47829384636904765,0.682276822932565,0.7184710169895131,chronos2,,168
2010-04-27 17:00:00,0.4711013710714286,0.6664805545184682,0.7076668114138364,chronos2,,168
2010-04-28 17:00:00,0.5169590421428572,0.7604603274188589,0.7765520956832851,chronos2,,168
2010-04-29 17:00:00,0.5598348611309524,0.8548385314048013,0.8409581789028173,chronos2,,168
2010-04-30 17:00:00,0.5644672832142857,0.8001749162458903,0.8479167902891096,chronos2,,168
2010-05-01 17:00:00,0.6283754083333333,0.8966216737624626,0.9439166364020086,chronos2,,168
2010-05-02 17:00:00,0.5341698072619048,0.7480384009881171,0.8024053154395533,chronos2,,168
2010-05-03 17:00:00,0.5098851864285715,0.719556802422454,0.7659260749898088,chronos2,,168
2010-05-04 17:00:00,0.4711290213690476,0.6359750725242596,0.70770834641915,chronos2,,168
2010-05-05 17:00:00,0.49945407732142855,0.6864618125393883,0.7502569426657543,chronos2,,168
2010-05-06 17:00:00,0.4667201510714286,0.6469154872848548,0.7010855442431398,chronos2,,168
2010-05-28 17:00:00,0.41743678779761906,0.5691268253633286,0.6270543427112755,chronos2,,168
2010-05-29 17:00:00,0.4126741554761905,0.5623682297073902,0.6199001354943094,chronos2,,168
2010-05-30 17:00:00,0.45620030023809527,0.6219818727972235,0.6852831081796595,chronos2,,168
2010-05-31 17:00:00,0.4524188426190476,0.6302681697078506,0.6796027764716834,chronos2,,168
2010-06-01 17:00:00,0.4491910649404762,0.6168079240597142,0.6747541573038971,chronos2,,168
2010-06-02 17:00:00,0.4269612958333333,0.6241186194236473,0.6413616206047575,chronos2,,168
2010-06-03 17:00:00,0.3936714956547619,0.5859171751348043,0.591355213933949,chronos2,,168
2010-06-04 17:00:00,0.37728766398809527,0.562418449116978,0.5667441755752152,chronos2,,168
2010-06-05 17:00:00,0.36203554309523805,0.5287000313935681,0.543833141088096,chronos2,,168
2010-07-29 17:00:00,0.21162153351190477,0.30915066970053634,0.3178881341531262,chronos2,,168
2010-07-30 17:00:00,0.19903541285714285,0.2845189288369062,0.29898184260154687,chronos2,,168
2010-07-31 17:00:00,0.1622946680357143,0.23880772728630417,0.2437915856137199,chronos2,,168
2010-08-01 17:00:00,0.11187299482142857,0.2128196957068548,0.16805046724560133,chronos2,,168
2010-08-02 17:00:00,0.10196307357142857,0.2094167657437883,0.15316423934861986,chronos2,,168
2010-08-03 17:00:00,0.1524668249404762,0.2160228014788413,0.2290286517456541,chronos2,,168
2010-08-04 17:00:00,0.10958551708333333,0.2233786863149655,0.16461432339949789,chronos2,,168
2010-08-05 17:00:00,0.09726894071428571,0.20781350264965365,0.14611292887628516,chronos2,,168
2010-08-06 17:00:00,0.0938943175,0.2182801751298682,0.1410437250988786,chronos2,,168
2010-08-07 17:00:00,0.0912926375,0.20804979057354758,0.13713560106660955,chronos2,,168
2010-08-08 17:00:00,0.10562718571428571,0.24057890638622823,0.15866830007954327,chronos2,,168
2010-08-09 17:00:00,0.15510306785714287,0.3538810184338132,0.23298869460162563,chronos2,,168
2010-08-10 17:00:00,0.22111384904761908,0.4277649126432063,0.33214705395379573,chronos2,,168
2010-09-06 17:00:00,0.4614318807142857,0.6027895948348693,0.6931417477455359,chronos2,,168
2010-09-07 17:00:00,0.4693092470238095,0.6116593615452114,0.7049747650978762,chronos2,,168
2010-09-08 17:00:00,0.4252900482142857,0.5583974922338182,0.6388511493001112,chronos2,,168
2010-09-09 17:00:00,0.4310476660119048,0.5632322994842934,0.6474999779352605,chronos2,,168
2010-09-10 17:00:00,0.4178280731547619,0.5770789171544748,0.6276421135776867,chronos2,,168
2010-09-11 17:00:00,0.4315013951190476,0.5948604140686128,0.6481815489308345,chronos2,,168
2010-09-12 17:00:00,0.3741433229166667,0.5051953316602498,0.5620208910410293,chronos2,,168
2010-09-13 17:00:00,0.3535213781547619,0.5123412861879219,0.5310435541217599,chronos2,,168
2010-09-14 17:00:00,0.3625577085119048,0.5158516809248019,0.5446175139601229,chronos2,,168
2010-09-15 17:00:00,0.3823666364880952,0.5432847752677061,0.5743735744584304,chronos2,,168
2010-09-16 17:00:00,0.41065959083333337,0.5665476689769398,0.6168739491472915,chronos2,,168
2010-09-17 17:00:00,0.3832065467261905,0.5095682272095318,0.5756352489866002,chronos2,,168
2010-10-13 17:00:00,0.5373345869642857,0.7568748492250991,0.8071593019450852,chronos2,,168
2010-10-14 17:00:00,0.5263455007738096,0.7304370670677333,0.7906520021104877,chronos2,,168
2010-10-15 17:00:00,0.5010039934523809,0.7143636572165344,0.7525851553896006,chronos2,,168
2010-10-16 17:00:00,0.508351189345238,0.7369311947541873,0.7636217751271023,chronos2,,168
2010-11-07 17:00:00,0.6140292813095238,0.8420414353863043,0.9223665442339734,chronos2,,168
2010-11-08 17:00:00,0.5794799173214286,0.8039764462191603,0.8704680787418736,chronos2,,168
2010-11-09 17:00:00,0.5802379739880953,0.8109745350599118,0.8716067965998815,chronos2,,168
2010-11-10 17:00:00,0.5662160228571429,0.7927978297639579,0.8505436665476932,chronos2,,168
2010-11-11 17:00:00,0.5352189301785715,0.7325033640374349,0.8039812596307795,chronos2,,168
2010-11-12 17:00:00,0.45327129422619045,0.6468399737976954,0.680883290067599,chronos2,,168
2010-11-13 17:00:00,0.4523167467857143,0.6362290802675751,0.6794494128067269,chronos2,,168
2010-11-14 17:00:00,0.4966310245833333,0.7149083692483791,0.7460162826883117,chronos2,,168
2010-11-15 17:00:00,0.4257525816666667,0.6299795010039898,0.6395459457781479,chronos2,,168
2010-11-16 17:00:00,0.39307289827380953,0.59901789680412,0.5904560284806444,chronos2,,168
2010-11-17 17:00:00,0.3810386167261905,0.5985762339536549,0.5723786842540901,chronos2,,168
2010-11-18 17:00:00,0.3950781586904762,0.6032065282587069,0.5934682384470249,chronos2,,168
2010-11-19 17:00:00,0.39587210470238093,0.5941705217318083,0.5946608676287264,chronos2,,168
2010-03-01 17:00:00,0.5800087382738095,0.7536158747008388,0.8712624492535304,timesfm3,,168
2010-03-02 17:00:00,0.4861271963690476,0.679927829438646,0.7302379150662076,timesfm3,,168
2010-03-03 17:00:00,0.5131178098214286,0.7037313997754532,0.7707819731667175,timesfm3,,168
2010-03-04 17:00:00,0.5388181243452381,0.7809909991436088,0.8093878035637584,timesfm3,,168
2010-03-05 17:00:00,0.6569103514285715,0.9468602249673602,0.9867805154608976,timesfm3,,168
2010-03-06 17:00:00,0.7490146127380952,1.044924476267551,1.1251353004837052,timesfm3,,168
2010-03-07 17:00:00,0.8434558369642857,1.1278217658108685,1.267000563711806,timesfm3,,168
2010-03-08 17:00:00,0.5685679826785714,0.7999711894203249,0.8540766724135399,timesfm3,,168
2010-03-09 17:00:00,0.5667271826190476,0.8183987759063514,0.8513115072313395,timesfm3,,168
2010-03-10 17:00:00,0.5834594441666666,0.8237314180705718,0.8764459409312799,timesfm3,,168
2010-03-11 17:00:00,0.7433583236309524,1.024533305562561,1.1166386831467974,timesfm3,,168
2010-03-12 17:00:00,0.546687381547619,0.7578367579946518,0.8212086397883251,timesfm3,,168
2010-04-25 17:00:00,0.49384540499999996,0.6460741312136357,0.7418318530742222,timesfm3,,168
2010-04-26 17:00:00,0.5031824672619047,0.6767266372984746,0.7558575585478171,timesfm3,,168
2010-04-27 17:00:00,0.48532781309523804,0.6603978372629551,0.7290371182797585,timesfm3,,168
2010-04-28 17:00:00,0.5063723833928572,0.7394440512625159,0.7606493038402043,timesfm3,,168
2010-04-29 17:00:00,0.5276786701785715,0.7811445210679483,0.7926546278714713,timesfm3,,168
2010-04-30 17:00:00,0.5331125041666667,0.7466654281526911,0.8008170833603228,timesfm3,,168
2010-05-01 17:00:00,0.575510126547619,0.8154286495265647,0.8645048416311586,timesfm3,,168
2010-05-02 17:00:00,0.5191054286309524,0.7101428567180477,0.7797762987431013,timesfm3,,168
2010-05-03 17:00:00,0.5520790433928572,0.770720435593446,0.8293077462238758,timesfm3,,168
2010-05-04 17:00:00,0.4936549150595238,0.6763502876215818,0.7415457078471841,timesfm3,,168
2010-05-05 17:00:00,0.5103392033333334,0.6880773528048947,0.7666080783017288,timesfm3,,168
2010-05-06 17:00:00,0.5198210691666667,0.6922817446095189,0.7808513010401136,timesfm3,,168
2010-05-28 17:00:00,0.41571388375000007,0.5736713936343911,0.6244662754955559,timesfm3,,168
2010-05-29 17:00:00,0.4120200311904762,0.5734905781694237,0.61891754007862,timesfm3,,168
2010-05-30 17:00:00,0.44247372684523806,0.6043730520395811,0.6646636809798001,timesfm3,,168
2010-05-31 17:00:00,0.4431131466666667,0.6212055678103034,0.6656241880255683,timesfm3,,168
2010-06-01 17:00:00,0.43807783779761905,0.609551004668694,0.6580603786404701,timesfm3,,168
2010-06-02 17:00:00,0.3825636256547619,0.5645995243094183,0.5746694825241212,timesfm3,,168
2010-06-03 17:00:00,0.3737452370238095,0.5582953944219124,0.5614229047226571,timesfm3,,168
2010-06-04 17:00:00,0.39787216470238096,0.5924430627803928,0.5976652657683824,timesfm3,,168
2010-06-05 17:00:00,0.3584411907142857,0.5306120672731214,0.5384338702629202,timesfm3,,168
2010-07-29 17:00:00,0.2130506326190476,0.27948495694606657,0.32003486110075974,timesfm3,,168
2010-07-30 17:00:00,0.20516259410714288,0.278986866782357,0.3081858124568686,timesfm3,,168
2010-07-31 17:00:00,0.11396201970238096,0.20515976040638312,0.17118850433750274,timesfm3,,168
2010-08-01 17:00:00,0.09887217714285715,0.19701058250123232,0.1485212368987588,timesfm3,,168
2010-08-02 17:00:00,0.10933170375,0.2054857971324007,0.16423305668425606,timesfm3,,168
2010-08-03 17:00:00,0.1275408211309524,0.22385377314007948,0.19158595528935282,timesfm3,,168
2010-08-04 17:00:00,0.10809015940476191,0.22409044092783328,0.16236806587341357,timesfm3,,168
2010-08-05 17:00:00,0.0944289318452381,0.21094951414216326,0.14184679817881957,timesfm3,,168
2010-08-06 17:00:00,0.09297617065476191,0.20842575587280218,0.1396645271379353,timesfm3,,168
2010-08-07 17:00:00,0.08565568226190476,0.18174144610417278,0.12866802617852766,timesfm3,,168
2010-08-08 17:00:00,0.10808809202380953,0.2376066592920991,0.16236496034883566,timesfm3,,168
2010-08-09 17:00:00,0.1502145355952381,0.3412592649536619,0.2256453662848178,timesfm3,,168
2010-08-10 17:00:00,0.21892601232142855,0.41616460205176437,0.3288605862528079,timesfm3,,168
2010-09-06 17:00:00,0.46362538374999995,0.607008497474661,0.6964367271160696,timesfm3,,168
2010-09-07 17:00:00,0.47055072035714285,0.6158015373085013,0.7068396492379015,timesfm3,,168
2010-09-08 17:00:00,0.4125516608928571,0.5498045479235221,0.6197161297653389,timesfm3,,168
2010-09-09 17:00:00,0.40880920720238095,0.5349300388023228,0.6140943879648854,timesfm3,,168
2010-09-10 17:00:00,0.4087599985714286,0.5636001731941144,0.6140204690228095,timesfm3,,168
2010-09-11 17:00:00,0.42153353214285716,0.5810466157153306,0.6332082836377874,timesfm3,,168
2010-09-12 17:00:00,0.3601302544642857,0.491939432954748,0.540971104140034,timesfm3,,168
2010-09-13 17:00:00,0.3538489982738095,0.502878945578485,0.5315356899957738,timesfm3,,168
2010-09-14 17:00:00,0.35980595035714286,0.5158751535626328,0.5404839494265841,timesfm3,,168
2010-09-15 17:00:00,0.38382619928571426,0.5422658184499549,0.5765660625607262,timesfm3,,168
2010-09-16 17:00:00,0.3898015098214285,0.5482505082391937,0.5855418992143098,timesfm3,,168
2010-09-17 17:00:00,0.38233539720238097,0.5053952455052876,0.5743266482402749,timesfm3,,168
2010-10-13 17:00:00,0.5380530038690476,0.7668462295267042,0.8082384747759823,timesfm3,,168
2010-10-14 17:00:00,0.5372081643452381,0.7576355235586509,0.806969395701534,timesfm3,,168
2010-10-15 17:00:00,0.49985226535714283,0.7055794659073816,0.7508550824184284,timesfm3,,168
2010-10-16 17:00:00,0.52447739,0.753964268570567,0.7878458120294378,timesfm3,,168
2010-11-07 17:00:00,0.6254282516071429,0.8611495515430105,0.9394895531217866,timesfm3,,168
2010-11-08 17:00:00,0.6333476005952381,0.8729202417398476,0.9513856349228922,timesfm3,,168
2010-11-09 17:00:00,0.5860217752380953,0.8237044428440569,0.8802949568128949,timesfm3,,168
2010-11-10 17:00:00,0.5182488530952382,0.7268988434914487,0.7784895903713651,timesfm3,,168
2010-11-11 17:00:00,0.47429890303571426,0.6757563790106837,0.7124699968607682,timesfm3,,168
2010-11-12 17:00:00,0.4499663994047619,0.6389128543650091,0.6759188290747995,timesfm3,,168
2010-11-13 17:00:00,0.4108188717261904,0.6081483641469556,0.6171132135784498,timesfm3,,168
2010-11-14 17:00:00,0.4470310639880952,0.6653162066491677,0.6715095032220253,timesfm3,,168
2010-11-15 17:00:00,0.44507057946428574,0.6680029681727061,0.6685645535424369,timesfm3,,168
2010-11-16 17:00:00,0.4019732948214286,0.6178644765240678,0.6038257948025881,timesfm3,,168
2010-11-17 17:00:00,0.38585241291666666,0.6129338419370102,0.5796097474818679,timesfm3,,168
2010-11-18 17:00:00,0.38936904916666665,0.6069860927990975,0.5848922767096644,timesfm3,,168
2010-11-19 17:00:00,0.4025876471428571,0.6170382142721155,0.6047486466028307,timesfm3,,168
2010-03-01 17:00:00,0.45461633130952384,0.6654904836243016,0.6829037429094811,toto2,,168
2010-03-02 17:00:00,0.4761061124404762,0.7492511321427892,0.7151847037063803,toto2,,168
2010-03-03 17:00:00,0.521707992202381,0.7691127880365205,0.7836857500357305,toto2,,168
2010-03-04 17:00:00,0.6423244752380952,0.962843302683013,0.9648702831219084,toto2,,168
2010-03-05 17:00:00,0.7469937991071428,1.0661615460868201,1.1220997271941915,toto2,,168
2010-03-06 17:00:00,0.8254304566071428,1.1423765615549928,1.2399236664129294,toto2,,168
2010-03-07 17:00:00,0.9363563288690476,1.2385320192225477,1.4065514097123195,toto2,,168
2010-03-08 17:00:00,0.6101959607142857,0.8192623050020784,0.9166083063485907,toto2,,168
2010-03-09 17:00:00,0.6458675664285715,0.9075660504649431,0.9701925517444987,toto2,,168
2010-03-10 17:00:00,0.6947219504166666,0.9496191381470411,1.043579360324176,toto2,,168
2010-03-11 17:00:00,0.7884573930952382,1.0541262206929083,1.1843844309737193,toto2,,168
2010-03-12 17:00:00,0.5081981613095239,0.7207387191633783,0.7633919034503451,toto2,,168
2010-04-25 17:00:00,0.4950244951190476,0.6415397399581017,0.7436030280190504,toto2,,168
2010-04-26 17:00:00,0.4880250773809524,0.6989403357085253,0.7330888246296482,toto2,,168
2010-04-27 17:00:00,0.49509814190476187,0.6767577684700226,0.7437136568331818,toto2,,168
2010-04-28 17:00:00,0.5591349945238095,0.8483832588396003,0.8399068714757864,toto2,,168
2010-04-29 17:00:00,0.6192326702380953,0.9196075025510361,0.9301828357536807,toto2,,168
2010-04-30 17:00:00,0.5693432250595238,0.8147184212646069,0.8552412058610943,toto2,,168
2010-05-01 17:00:00,0.6536668848214285,0.9234842119697049,0.98190832910622,toto2,,168
2010-05-02 17:00:00,0.5225802161904761,0.7245758329469412,0.784995964792886,toto2,,168
2010-05-03 17:00:00,0.5687503067261905,0.8134105690464304,0.8543505512119165,toto2,,168
2010-05-04 17:00:00,0.57116974,0.7912423254458351,0.8579849125945024,toto2,,168
2010-05-05 17:00:00,0.5933775394047619,0.7947246638498485,0.8913444474172171,toto2,,168
2010-05-06 17:00:00,0.47416582464285717,0.6501042548641217,0.7122700926199311,toto2,,168
2010-05-28 17:00:00,0.42108625047619047,0.5883881508046473,0.6325363976907479,toto2,,168
2010-05-29 17:00:00,0.415301057202381,0.5765695281140703,0.6238461464435936,toto2,,168
2010-05-30 17:00:00,0.4361600652380952,0.5991961577456802,0.6551795889091035,toto2,,168
2010-05-31 17:00:00,0.44587055285714283,0.6307416114442221,0.6697662367785768,toto2,,168
2010-06-01 17:00:00,0.4262043967261904,0.5969781646273984,0.6402246415794246,toto2,,168
2010-06-02 17:00:00,0.416740371547619,0.6322219054103385,0.626008218252046,toto2,,168
2010-06-03 17:00:00,0.41612352214285714,0.6401284552636083,0.625081615448073,toto2,,168
2010-06-04 17:00:00,0.3856041716666666,0.5716975616438369,0.5792368508939225,toto2,,168
2010-06-05 17:00:00,0.3689313110714285,0.5500122622903572,0.5541916465725141,toto2,,168
2010-07-29 17:00:00,0.20928777654761904,0.30197050585619806,0.3143824717820427,toto2,,168
2010-07-30 17:00:00,0.14225453470238097,0.2478377911128255,0.2136882190621547,toto2,,168
2010-07-31 17:00:00,0.1032615386904762,0.2131205788147182,0.15511473392781988,toto2,,168
2010-08-01 17:00:00,0.09273174267857143,0.21012043802875877,0.1392973586745159,toto2,,168
2010-08-02 17:00:00,0.09696508845238094,0.20293109574740828,0.14565649598407343,toto2,,168
2010-08-03 17:00:00,0.12225110904761906,0.2019990369954182,0.18363999309697748,toto2,,168
2010-08-04 17:00:00,0.09257921494047619,0.20890962237173574,0.13906823852183087,toto2,,168
2010-08-05 17:00:00,0.08311041505952381,0.18459595194711778,0.12484464285614703,toto2,,168
2010-08-06 17:00:00,0.0762099842857143,0.1849736228427944,0.11447913313160984,toto2,,168
2010-08-07 17:00:00,0.06600834386904762,0.13986807575181623,0.09915469812002416,toto2,,168
2010-08-08 17:00:00,0.06390017839285715,0.1598641920207919,0.09598790890632382,toto2,,168
2010-08-09 17:00:00,0.15587420392857143,0.3383603988400295,0.23414705973988223,toto2,,168
2010-08-10 17:00:00,0.22571084095238098,0.4168164878245219,0.33905244375544163,toto2,,168
2010-09-06 17:00:00,0.4800584367261904,0.6290535026906535,0.7211217034620461,toto2,,168
2010-09-07 17:00:00,0.4662328558928571,0.6109654002534762,0.7003535518389302,toto2,,168
2010-09-08 17:00:00,0.4217429089285714,0.559961244741665,0.6335227998150454,toto2,,168
2010-09-09 17:00:00,0.42536417416666666,0.5595924252456155,0.63896249789637,toto2,,168
2010-09-10 17:00:00,0.4175547994642857,0.5817143739573161,0.6272316144090199,toto2,,168
2010-09-11 17:00:00,0.4287361008333333,0.5916728376727197,0.6440276510439703,toto2,,168
2010-09-12 17:00:00,0.42358170059523814,0.550732389435183,0.6362849480818716,toto2,,168
2010-09-13 17:00:00,0.3945958552380952,0.5368110556157416,0.5927437443843052,toto2,,168
2010-09-14 17:00:00,0.33915753946428573,0.4973184252613405,0.509466856302702,toto2,,168
2010-09-15 17:00:00,0.34852239089285714,0.5158244479740749,0.5235343053843067,toto2,,168
2010-09-16 17:00:00,0.3708931660714286,0.5398586520902994,0.5571386549184012,toto2,,168
2010-09-17 17:00:00,0.35722333755952385,0.49127179452749625,0.5366044672687396,toto2,,168
2010-10-13 17:00:00,0.5379140095833334,0.7576079840273029,0.8080296839529955,toto2,,168
2010-10-14 17:00:00,0.5389510017261905,0.7513455594215848,0.8095874058537573,toto2,,168
2010-10-15 17:00:00,0.49415091815476186,0.7140099200424971,0.7422907808832914,toto2,,168
2010-10-16 17:00:00,0.5340946022619047,0.7774572142203345,0.8022923459475915,toto2,,168
2010-11-07 17:00:00,0.6172575580952382,0.853388593257387,0.9272159131375534,toto2,,168
2010-11-08 17:00:00,0.6272189460119048,0.8490073303833184,0.9421794518940028,toto2,,168
2010-11-09 17:00:00,0.5604581689285715,0.7878813501117502,0.8418944832074879,toto2,,168
2010-11-10 17:00:00,0.5118436450595238,0.6989250047537695,0.7688679814663275,toto2,,168
2010-11-11 17:00:00,0.5180298699404762,0.7183536620184698,0.7781606439483663,toto2,,168
2010-11-12 17:00:00,0.4661109201190476,0.6663756882481551,0.7001703855279241,toto2,,168
2010-11-13 17:00:00,0.4453621444047619,0.6281524130539965,0.6690025289855513,toto2,,168
2010-11-14 17:00:00,0.5236400104761905,0.7362863257495906,0.7865879390238681,toto2,,168
2010-11-15 17:00:00,0.42177880380952376,0.6296631827583878,0.6335767194542344,toto2,,168
2010-11-16 17:00:00,0.3956024559523809,0.6079846829799316,0.5942558136789146,toto2,,168
2010-11-17 17:00:00,0.3702354444642857,0.5889131438561028,0.5561506557719198,toto2,,168
2010-11-18 17:00:00,0.3872099063095238,0.6013921663620165,0.5816489116189913,toto2,,168
2010-11-19 17:00:00,0.4003029225,0.6054574603574444,0.6013166383297658,toto2,,168
