model,seed,horizon,context,origins,batch_size,device,input_mode,input_features,setup_seconds_including_training,training_seconds,mae,rmse,mase,mae_window_mean,mae_window_std,rmse_window_mean,rmse_window_std,mase_window_mean,mase_window_std,median_batch_latency_ms,mean_batch_latency_ms,std_batch_latency_ms,p95_batch_latency_ms,full_batches_timed,inference_seconds,forecasts_per_second,hidden_size,learning_rate,weight_decay,layers,dropout,output_mode,train_batch_size,best_epoch,validation_mae,early_stopping_mae,selected_train_mae,validation_seasonal_naive_mae,validation_persistence_mae,validation_block_mae_std,train_end_exclusive,validation_end_exclusive,train_windows,epochs_run,refit_full,hit_epoch_limit,parameters,refit_epochs,validation_protocol,cv_folds,epoch_selection_mae,epoch_selection_train_end,epoch_selection_training_seconds,selected_training_seconds,tuning_seconds,tuning_trials,selection_metric
seasonal-naive,,24,336,263,1,cpu,univariate,1,1.3229437172412872e-06,0.0,39.127832650836126,58.61374518955403,1.0503027425441736,39.12783206242079,24.406438615636585,50.26767958215659,30.20264658368564,1.0503027267494258,0.6551384954666368,0.0003110617399215,0.0003333320352514,0.0001291603922092,0.0003943918272852,263,8.766632527112961e-05,3000011.682782505,,,,,,,,,,,,,,,,,,,,,,,,,,,,,,,
lstm,42.0,24,336,263,1,cuda,multivariate,1,86.79380545206368,84.3872478150297,26.754062965040124,37.0794132766545,0.7181554357261514,26.754062610741446,11.692019393525698,33.6655629001391,15.570309056307378,0.7181554262157632,0.3138471825026396,1.308046979829669,1.3087362922133148,0.0079979704700956,1.3209467055276036,263,0.3441976448521018,764.0958732097322,128.0,0.001,0.0,2.0,0.3,last,64.0,27.0,,,24.779600143432617,,,,28032.0,28032.0,25375.0,27.0,True,False,202264.0,27.0,single_holdout,0.0,18.85155735974752,26592.0,43.34219275810756,41.04505505692214,86.79325807699934,0.0,early_stopping_mae
chronos2,,24,336,263,1,cuda,multivariate,1,2.073187096044421,0.0,24.199802528618257,35.29892472148761,0.6495917929226791,24.199802197243343,12.612589219596156,30.86275528495983,17.16463329923911,0.6495917840276306,0.338557904960827,14.780797995626926,14.8519823396713,0.2822060730762146,15.390618657693263,263,3.906071355333552,67.33107925457793,,,,,,,,,,,,,,,,,,,,,,,,,,,,,,,
timesfm3,,24,336,263,1,cuda,multivariate,1,1.9156474941410124,0.0,25.065101181750663,36.357253323798055,0.6728188792940304,25.06510102439797,12.86309779712726,31.933876673743068,17.413509924019813,0.6728188750702349,0.3452822704108551,203.8842751644552,205.3554099842821,4.979056928811047,215.1430214988068,263,54.00847282586619,4.869606308772386,,,,,,,,,,,,,,,,,,,,,,,,,,,,,,,
toto2,,24,336,263,1,cuda,multivariate,1,2.6886717681773007,0.0,25.57728557381189,38.61048818672396,0.6865673707188098,25.57728560741445,15.72092715349199,32.54873514138464,20.808555927508284,0.6865673716207985,0.42199456974770533,50.47063296660781,50.49175401253648,0.2851734706879232,50.93654114753008,263,13.279331305297092,19.805214129651997,,,,,,,,,,,,,,,,,,,,,,,,,,,,,,,
seasonal-naive,,168,336,245,1,cpu,univariate,1,1.6649719327688215e-06,0.0,33.515752240821385,48.51251697058045,0.8996584812425972,33.51575159837221,11.326187849103702,45.1014474893898,17.906209871481746,0.899658463997427,0.304027219361712,0.0003159511834383,0.0003509080911777,0.0001289290022297,0.0005198176950216,245,8.59724823385477e-05,2849749.0515072485,,,,,,,,,,,,,,,,,,,,,,,,,,,,,,,
lstm,42.0,168,336,245,1,cuda,multivariate,1,57.29991983389482,55.535642662784085,34.883446135025096,48.289605161582806,0.9363712902770732,34.8834455648931,10.064330550265629,45.7717790666955,15.420789393593264,0.9363712749731026,0.2701553667217808,1.3236170634627342,1.3283921510209236,0.0196338422906736,1.3518257532268765,245,0.3254560770001262,752.7897535614459,128.0,0.001,0.0,2.0,0.3,last,64.0,17.0,,,30.743019104003903,,,,28032.0,28032.0,24367.0,17.0,True,False,220840.0,17.0,single_holdout,0.0,21.28489770620729,26592.0,30.53024087497033,25.005401787813756,57.29934083693661,0.0,early_stopping_mae
chronos2,,168,336,245,1,cuda,multivariate,1,0.6393786082044244,0.0,28.833050430991097,42.30681030174504,0.7739613950464309,28.83305003488824,10.568309203712282,38.70589936559104,17.114761929945615,0.7739613844138994,0.28368359269387355,15.286735957488418,15.288485749149505,0.0567009925184937,15.379039524123073,245,3.7456790085416287,65.40870145073914,,,,,,,,,,,,,,,,,,,,,,,,,,,,,,,
timesfm3,,168,336,245,1,cuda,multivariate,1,1.6579278209246695,0.0,28.56015322688022,41.68964842138162,0.7666360549370507,28.56015289234694,10.422164233029898,38.15286553423753,16.83873240460553,0.7666360459572221,0.27976064442105464,287.9981321748346,289.45219922734765,4.413693334971203,297.8352007456124,245,70.91578881070018,3.45480187288043,,,,,,,,,,,,,,,,,,,,,,,,,,,,,,,
toto2,,168,336,245,1,cuda,multivariate,1,1.7296933440957218,0.0,30.40119445576496,45.38074338531229,0.8160548578922207,30.40119414176385,14.338529575669456,40.45685291436083,20.600657137122152,0.8160548494635343,0.3848870718642926,50.37806998007,50.42039053894732,0.2520456352042975,50.90485378168523,245,12.352995682042092,19.83324582199633,,,,,,,,,,,,,,,,,,,,,,,,,,,,,,,
