model,seed,horizon,context,origins,batch_size,device,input_mode,input_features,setup_seconds_including_training,training_seconds,mae,rmse,mase,mae_window_mean,mae_window_std,rmse_window_mean,rmse_window_std,mase_window_mean,mase_window_std,median_batch_latency_ms,mean_batch_latency_ms,std_batch_latency_ms,p95_batch_latency_ms,full_batches_timed,inference_seconds,forecasts_per_second,hidden_size,learning_rate,weight_decay,layers,dropout,output_mode,train_batch_size,best_epoch,dropout_placement,effective_dropout,validation_mae,early_stopping_mae,selected_train_mae,validation_seasonal_naive_mae,validation_persistence_mae,validation_block_mae_std,train_end_exclusive,validation_end_exclusive,train_windows,epochs_run,refit_full,hit_epoch_limit,parameters,refit_epochs,validation_protocol,cv_folds,epoch_selection_mae,epoch_selection_train_end,epoch_selection_training_seconds,selected_training_seconds,tuning_seconds,tuning_trials,selection_metric
seasonal-naive,,24,336,145,1,cpu,univariate,1,1.2370292097330091e-06,0.0,1.7176551733380077,2.2399743436034885,0.7625283181601918,1.7176551724137932,0.9770599598957824,1.9787702247639996,1.0533783338560483,0.7625283177499002,0.43375172125679273,0.0003129243850708,0.000354365028184,0.000191254464081,0.0004636589437723,145,5.138292908668518e-05,2821948.8958167187,,,,,,,,,,,,,,,,,,,,,,,,,,,,,,,,,
lstm,42.0,24,336,145,1,cuda,multivariate,7,13.302338413894176,11.393364187097175,1.2807106126913397,1.8191247583525731,0.5685530627475137,1.2807106066465517,0.8343308509378997,1.549938202526146,0.9556172938948418,0.5685530600640171,0.3703891854605929,1.3302681036293509,1.331354030568538,0.0080497812951206,1.3451373670250175,145,0.193046334432438,751.115013016457,128.0,0.001,0.0,2.0,0.3,last,64.0,4.0,between_lstm_layers,0.3,,,1.6254233121871948,,,,13920.0,13920.0,13561.0,4.0,True,False,205336.0,4.0,single_holdout,0.0,1.1904847346111185,12480.0,7.74671916407533,3.646645023021847,13.301666700048372,0.0,early_stopping_mae
chronos2,,24,336,145,1,cuda,multivariate,7,2.2735914830118418,0.0,1.292674963510242,1.8008102076838048,0.5738644642729356,1.2926749487298852,0.7934275167001742,1.5536841340654157,0.9136409664103249,0.5738644577114087,0.3522307383243008,13.554289937019348,13.56258100251956,0.1358848427365525,13.673283904790878,145,1.9665742453653363,73.73227852532102,,,,,,,,,,,,,,,,,,,,,,,,,,,,,,,,,
timesfm3,,24,336,145,1,cuda,multivariate,7,1.8408388961106537,0.0,1.237926097137147,1.7602231038162164,0.5495594922129599,1.2379260966293102,0.814808084436297,1.4911608026541041,0.9385627381268078,0.5495594919875131,0.36172233396596437,115.15871714800596,115.87348781879348,2.5239497630517262,120.00184459611772,145,16.801655733725056,8.63010183627018,,,,,,,,,,,,,,,,,,,,,,,,,,,,,,,,,
toto2,,24,336,145,1,cuda,multivariate,7,2.3336909180507064,0.0,1.2668229704358798,1.7844344320928702,0.5623878436414655,1.2668229707068965,0.7850878587013098,1.5374443397535547,0.9089383082231751,0.5623878437617795,0.34852846706135165,46.38156993314624,46.3946839200397,0.2821488792678023,46.768302749842405,145,6.727229168405756,21.554193616740225,,,,,,,,,,,,,,,,,,,,,,,,,,,,,,,,,
seasonal-naive,,168,336,139,1,cpu,univariate,1,1.3578683137893677e-06,0.0,2.8983103765539107,3.791644767712982,1.2866632204442956,2.8983103802672154,1.2814362679243996,3.542968251282855,1.3554198958499046,1.2866632220927636,0.56887520695493,0.0003578606992959,0.0003806898276582,9.292080088515496e-05,0.0005617504939436,139,5.291588604450226e-05,2626810.404026893,,,,,,,,,,,,,,,,,,,,,,,,,,,,,,,,,
lstm,42.0,168,336,139,1,cuda,multivariate,7,6.8673234898597,5.8378424101974815,2.3383914729686848,2.9843200378803205,1.0380952735803048,2.338391475934375,0.979237012440649,2.7841951189298286,1.0783269643069364,1.0380952748968801,0.43471819243293536,1.334883039817214,1.339923218562663,0.0186146447244826,1.371636358089745,139,0.1862493273802101,746.3114200474121,128.0,0.001,0.0,2.0,0.3,last,64.0,1.0,between_lstm_layers,0.3,,,2.847366571426392,,,,13920.0,13920.0,13417.0,1.0,True,False,223912.0,1.0,single_holdout,0.0,2.0718230791128462,12480.0,4.923582937102765,0.9142594730947168,6.866827653953806,0.0,early_stopping_mae
chronos2,,168,336,139,1,cuda,multivariate,7,0.6101460999343544,0.0,2.3040673652036565,2.9856674632364992,1.0228575794419914,2.304067364704393,1.0441504260311052,2.763617145301685,1.133967122410368,1.0228575792203507,0.46353556908658283,13.484821887686849,13.498838069654411,0.0737192615297731,13.67320839781314,139,1.8763384916819632,74.08045009799879,,,,,,,,,,,,,,,,,,,,,,,,,,,,,,,,,
timesfm3,,168,336,139,1,cuda,multivariate,7,1.5019271720666438,0.0,2.112721718567063,2.755553764688856,0.937912430740504,2.1127217202983046,0.983336535163723,2.5398915225242127,1.0725218857118248,0.9379124315090638,0.4365381166038678,152.37256209366024,152.716277537385,1.2969982746152844,155.36392889916897,139,21.22756257769652,6.548090459808383,,,,,,,,,,,,,,,,,,,,,,,,,,,,,,,,,
toto2,,168,336,139,1,cuda,multivariate,7,1.50699756690301,0.0,2.248864739236102,2.9558016571614774,0.9983511673341042,2.2488647434310423,1.1157085848715367,2.6975858303517706,1.2125891225200969,0.9983511691963876,0.49530278485736806,46.02142400108278,46.09056809253776,0.2916487954985287,46.648354292847216,139,6.406588964862749,21.69641298393768,,,,,,,,,,,,,,,,,,,,,,,,,,,,,,,,,
