model,horizon,seed,mae_window_count,mae_window_mean,mae_window_std,rmse_window_count,rmse_window_mean,rmse_window_std,mase_window_count,mase_window_mean,mase_window_std
chronos2,24,,263,85.55089133238276,44.69483709908094,263,110.33886926851598,56.763639087636456,263,0.6055125389323308,0.31634134802739833
chronos2,168,,245,92.96021050485908,27.778650256344605,245,126.69806146578715,39.78282545639899,245,0.6579542563009484,0.1966118737381948
lstm,24,42.0,263,140.7491165161597,67.4252531022309,263,172.73664426273223,79.20713032443174,263,0.9961948211978802,0.4772228033892273
lstm,168,42.0,245,120.55764468391642,40.81643315548468,245,156.59086993268176,50.52443723563794,245,0.8532835179547494,0.2888907606364615
seasonal-naive,24,,263,143.30984748257288,73.26753002774932,263,177.36140726807255,87.4844370707109,263,1.0143191760099333,0.51857330107805
seasonal-naive,168,,245,109.34136888386783,27.87902832199383,245,152.86841966892547,42.251806218195156,245,0.77389690337623,0.19732233012780998
timesfm3,24,,263,90.65158870405577,46.089282818850585,263,115.20402998987153,58.129220714707785,263,0.6416142810386473,0.3262109631188479
timesfm3,168,,245,97.76898904446064,27.191691991606746,245,131.68664470282266,38.974638062848186,245,0.6919898537953638,0.19245749751144228
toto2,24,,263,86.19607930925221,46.87892520477461,263,110.47308854513568,57.43185456505207,263,0.6100790537152687,0.33179989806158
toto2,168,,245,93.95543681802721,33.39986895769468,245,126.75305176729704,43.05827978466658,245,0.6649982742219,0.23639776439039437
