dataset,series,model,horizon,repeat,completed
etth1,etth1,seasonal-naive,24,1,True
etth1,etth1,seasonal-naive,24,2,True
etth1,etth1,seasonal-naive,24,3,True
etth1,etth1,seasonal-naive,24,4,True
etth1,etth1,seasonal-naive,24,5,True
etth1,etth1,seasonal-naive,24,6,True
etth1,etth1,seasonal-naive,24,7,True
etth1,etth1,seasonal-naive,24,8,True
etth1,etth1,seasonal-naive,24,9,True
etth1,etth1,seasonal-naive,24,10,True
etth1,etth1,lstm,24,1,True
etth1,etth1,lstm,24,2,True
etth1,etth1,lstm,24,3,True
etth1,etth1,lstm,24,4,True
etth1,etth1,lstm,24,5,True
etth1,etth1,lstm,24,6,True
etth1,etth1,lstm,24,7,True
etth1,etth1,lstm,24,8,True
etth1,etth1,lstm,24,9,True
etth1,etth1,lstm,24,10,True
etth1,etth1,chronos2,24,1,True
etth1,etth1,chronos2,24,2,True
etth1,etth1,chronos2,24,3,True
etth1,etth1,chronos2,24,4,True
etth1,etth1,chronos2,24,5,True
etth1,etth1,chronos2,24,6,True
etth1,etth1,chronos2,24,7,True
etth1,etth1,chronos2,24,8,True
etth1,etth1,chronos2,24,9,True
etth1,etth1,chronos2,24,10,True
etth1,etth1,timesfm3,24,1,True
etth1,etth1,timesfm3,24,2,True
etth1,etth1,timesfm3,24,3,True
etth1,etth1,timesfm3,24,4,True
etth1,etth1,timesfm3,24,5,True
etth1,etth1,timesfm3,24,6,True
etth1,etth1,timesfm3,24,7,True
etth1,etth1,timesfm3,24,8,True
etth1,etth1,timesfm3,24,9,True
etth1,etth1,timesfm3,24,10,True
etth1,etth1,toto2,24,1,True
etth1,etth1,toto2,24,2,True
etth1,etth1,toto2,24,3,True
etth1,etth1,toto2,24,4,True
etth1,etth1,toto2,24,5,True
etth1,etth1,toto2,24,6,True
etth1,etth1,toto2,24,7,True
etth1,etth1,toto2,24,8,True
etth1,etth1,toto2,24,9,True
etth1,etth1,toto2,24,10,True
etth1,etth1,seasonal-naive,168,1,True
etth1,etth1,seasonal-naive,168,2,True
etth1,etth1,seasonal-naive,168,3,True
etth1,etth1,seasonal-naive,168,4,True
etth1,etth1,seasonal-naive,168,5,True
etth1,etth1,seasonal-naive,168,6,True
etth1,etth1,seasonal-naive,168,7,True
etth1,etth1,seasonal-naive,168,8,True
etth1,etth1,seasonal-naive,168,9,True
etth1,etth1,seasonal-naive,168,10,True
etth1,etth1,lstm,168,1,True
etth1,etth1,lstm,168,2,True
etth1,etth1,lstm,168,3,True
etth1,etth1,lstm,168,4,True
etth1,etth1,lstm,168,5,True
etth1,etth1,lstm,168,6,True
etth1,etth1,lstm,168,7,True
etth1,etth1,lstm,168,8,True
etth1,etth1,lstm,168,9,True
etth1,etth1,lstm,168,10,True
etth1,etth1,chronos2,168,1,True
etth1,etth1,chronos2,168,2,True
etth1,etth1,chronos2,168,3,True
etth1,etth1,chronos2,168,4,True
etth1,etth1,chronos2,168,5,True
etth1,etth1,chronos2,168,6,True
etth1,etth1,chronos2,168,7,True
etth1,etth1,chronos2,168,8,True
etth1,etth1,chronos2,168,9,True
etth1,etth1,chronos2,168,10,True
etth1,etth1,timesfm3,168,1,True
etth1,etth1,timesfm3,168,2,True
etth1,etth1,timesfm3,168,3,True
etth1,etth1,timesfm3,168,4,True
etth1,etth1,timesfm3,168,5,True
etth1,etth1,timesfm3,168,6,True
etth1,etth1,timesfm3,168,7,True
etth1,etth1,timesfm3,168,8,True
etth1,etth1,timesfm3,168,9,True
etth1,etth1,timesfm3,168,10,True
etth1,etth1,toto2,168,1,True
etth1,etth1,toto2,168,2,True
etth1,etth1,toto2,168,3,True
etth1,etth1,toto2,168,4,True
etth1,etth1,toto2,168,5,True
etth1,etth1,toto2,168,6,True
etth1,etth1,toto2,168,7,True
etth1,etth1,toto2,168,8,True
etth1,etth1,toto2,168,9,True
etth1,etth1,toto2,168,10,True
electricity,MT_124,seasonal-naive,24,1,True
electricity,MT_124,seasonal-naive,24,2,True
electricity,MT_124,seasonal-naive,24,3,True
electricity,MT_124,seasonal-naive,24,4,True
electricity,MT_124,seasonal-naive,24,5,True
electricity,MT_124,seasonal-naive,24,6,True
electricity,MT_124,seasonal-naive,24,7,True
electricity,MT_124,seasonal-naive,24,8,True
electricity,MT_124,seasonal-naive,24,9,True
electricity,MT_124,seasonal-naive,24,10,True
electricity,MT_124,lstm,24,1,True
electricity,MT_124,lstm,24,2,True
electricity,MT_124,lstm,24,3,True
electricity,MT_124,lstm,24,4,True
electricity,MT_124,lstm,24,5,True
electricity,MT_124,lstm,24,6,True
electricity,MT_124,lstm,24,7,True
electricity,MT_124,lstm,24,8,True
electricity,MT_124,lstm,24,9,True
electricity,MT_124,lstm,24,10,True
electricity,MT_124,chronos2,24,1,True
electricity,MT_124,chronos2,24,2,True
electricity,MT_124,chronos2,24,3,True
electricity,MT_124,chronos2,24,4,True
electricity,MT_124,chronos2,24,5,True
electricity,MT_124,chronos2,24,6,True
electricity,MT_124,chronos2,24,7,True
electricity,MT_124,chronos2,24,8,True
electricity,MT_124,chronos2,24,9,True
electricity,MT_124,chronos2,24,10,True
electricity,MT_124,timesfm3,24,1,True
electricity,MT_124,timesfm3,24,2,True
electricity,MT_124,timesfm3,24,3,True
electricity,MT_124,timesfm3,24,4,True
electricity,MT_124,timesfm3,24,5,True
electricity,MT_124,timesfm3,24,6,True
electricity,MT_124,timesfm3,24,7,True
electricity,MT_124,timesfm3,24,8,True
electricity,MT_124,timesfm3,24,9,True
electricity,MT_124,timesfm3,24,10,True
electricity,MT_124,toto2,24,1,True
electricity,MT_124,toto2,24,2,True
electricity,MT_124,toto2,24,3,True
electricity,MT_124,toto2,24,4,True
electricity,MT_124,toto2,24,5,True
electricity,MT_124,toto2,24,6,True
electricity,MT_124,toto2,24,7,True
electricity,MT_124,toto2,24,8,True
electricity,MT_124,toto2,24,9,True
electricity,MT_124,toto2,24,10,True
electricity,MT_124,seasonal-naive,168,1,True
electricity,MT_124,seasonal-naive,168,2,True
electricity,MT_124,seasonal-naive,168,3,True
electricity,MT_124,seasonal-naive,168,4,True
electricity,MT_124,seasonal-naive,168,5,True
electricity,MT_124,seasonal-naive,168,6,True
electricity,MT_124,seasonal-naive,168,7,True
electricity,MT_124,seasonal-naive,168,8,True
electricity,MT_124,seasonal-naive,168,9,True
electricity,MT_124,seasonal-naive,168,10,True
electricity,MT_124,lstm,168,1,True
electricity,MT_124,lstm,168,2,True
electricity,MT_124,lstm,168,3,True
electricity,MT_124,lstm,168,4,True
electricity,MT_124,lstm,168,5,True
electricity,MT_124,lstm,168,6,True
electricity,MT_124,lstm,168,7,True
electricity,MT_124,lstm,168,8,True
electricity,MT_124,lstm,168,9,True
electricity,MT_124,lstm,168,10,True
electricity,MT_124,chronos2,168,1,True
electricity,MT_124,chronos2,168,2,True
electricity,MT_124,chronos2,168,3,True
electricity,MT_124,chronos2,168,4,True
electricity,MT_124,chronos2,168,5,True
electricity,MT_124,chronos2,168,6,True
electricity,MT_124,chronos2,168,7,True
electricity,MT_124,chronos2,168,8,True
electricity,MT_124,chronos2,168,9,True
electricity,MT_124,chronos2,168,10,True
electricity,MT_124,timesfm3,168,1,True
electricity,MT_124,timesfm3,168,2,True
electricity,MT_124,timesfm3,168,3,True
electricity,MT_124,timesfm3,168,4,True
electricity,MT_124,timesfm3,168,5,True
electricity,MT_124,timesfm3,168,6,True
electricity,MT_124,timesfm3,168,7,True
electricity,MT_124,timesfm3,168,8,True
electricity,MT_124,timesfm3,168,9,True
electricity,MT_124,timesfm3,168,10,True
electricity,MT_124,toto2,168,1,True
electricity,MT_124,toto2,168,2,True
electricity,MT_124,toto2,168,3,True
electricity,MT_124,toto2,168,4,True
electricity,MT_124,toto2,168,5,True
electricity,MT_124,toto2,168,6,True
electricity,MT_124,toto2,168,7,True
electricity,MT_124,toto2,168,8,True
electricity,MT_124,toto2,168,9,True
electricity,MT_124,toto2,168,10,True
electricity,MT_131,seasonal-naive,24,1,True
electricity,MT_131,seasonal-naive,24,2,True
electricity,MT_131,seasonal-naive,24,3,True
electricity,MT_131,seasonal-naive,24,4,True
electricity,MT_131,seasonal-naive,24,5,True
electricity,MT_131,seasonal-naive,24,6,True
electricity,MT_131,seasonal-naive,24,7,True
electricity,MT_131,seasonal-naive,24,8,True
electricity,MT_131,seasonal-naive,24,9,True
electricity,MT_131,seasonal-naive,24,10,True
electricity,MT_131,lstm,24,1,True
electricity,MT_131,lstm,24,2,True
electricity,MT_131,lstm,24,3,True
electricity,MT_131,lstm,24,4,True
electricity,MT_131,lstm,24,5,True
electricity,MT_131,lstm,24,6,True
electricity,MT_131,lstm,24,7,True
electricity,MT_131,lstm,24,8,True
electricity,MT_131,lstm,24,9,True
electricity,MT_131,lstm,24,10,True
electricity,MT_131,chronos2,24,1,True
electricity,MT_131,chronos2,24,2,True
electricity,MT_131,chronos2,24,3,True
electricity,MT_131,chronos2,24,4,True
electricity,MT_131,chronos2,24,5,True
electricity,MT_131,chronos2,24,6,True
electricity,MT_131,chronos2,24,7,True
electricity,MT_131,chronos2,24,8,True
electricity,MT_131,chronos2,24,9,True
electricity,MT_131,chronos2,24,10,True
electricity,MT_131,timesfm3,24,1,True
electricity,MT_131,timesfm3,24,2,True
electricity,MT_131,timesfm3,24,3,True
electricity,MT_131,timesfm3,24,4,True
electricity,MT_131,timesfm3,24,5,True
electricity,MT_131,timesfm3,24,6,True
electricity,MT_131,timesfm3,24,7,True
electricity,MT_131,timesfm3,24,8,True
electricity,MT_131,timesfm3,24,9,True
electricity,MT_131,timesfm3,24,10,True
electricity,MT_131,toto2,24,1,True
electricity,MT_131,toto2,24,2,True
electricity,MT_131,toto2,24,3,True
electricity,MT_131,toto2,24,4,True
electricity,MT_131,toto2,24,5,True
electricity,MT_131,toto2,24,6,True
electricity,MT_131,toto2,24,7,True
electricity,MT_131,toto2,24,8,True
electricity,MT_131,toto2,24,9,True
electricity,MT_131,toto2,24,10,True
electricity,MT_131,seasonal-naive,168,1,True
electricity,MT_131,seasonal-naive,168,2,True
electricity,MT_131,seasonal-naive,168,3,True
electricity,MT_131,seasonal-naive,168,4,True
electricity,MT_131,seasonal-naive,168,5,True
electricity,MT_131,seasonal-naive,168,6,True
electricity,MT_131,seasonal-naive,168,7,True
electricity,MT_131,seasonal-naive,168,8,True
electricity,MT_131,seasonal-naive,168,9,True
electricity,MT_131,seasonal-naive,168,10,True
electricity,MT_131,lstm,168,1,True
electricity,MT_131,lstm,168,2,True
electricity,MT_131,lstm,168,3,True
electricity,MT_131,lstm,168,4,True
electricity,MT_131,lstm,168,5,True
electricity,MT_131,lstm,168,6,True
electricity,MT_131,lstm,168,7,True
electricity,MT_131,lstm,168,8,True
electricity,MT_131,lstm,168,9,True
electricity,MT_131,lstm,168,10,True
electricity,MT_131,chronos2,168,1,True
electricity,MT_131,chronos2,168,2,True
electricity,MT_131,chronos2,168,3,True
electricity,MT_131,chronos2,168,4,True
electricity,MT_131,chronos2,168,5,True
electricity,MT_131,chronos2,168,6,True
electricity,MT_131,chronos2,168,7,True
electricity,MT_131,chronos2,168,8,True
electricity,MT_131,chronos2,168,9,True
electricity,MT_131,chronos2,168,10,True
electricity,MT_131,timesfm3,168,1,True
electricity,MT_131,timesfm3,168,2,True
electricity,MT_131,timesfm3,168,3,True
electricity,MT_131,timesfm3,168,4,True
electricity,MT_131,timesfm3,168,5,True
electricity,MT_131,timesfm3,168,6,True
electricity,MT_131,timesfm3,168,7,True
electricity,MT_131,timesfm3,168,8,True
electricity,MT_131,timesfm3,168,9,True
electricity,MT_131,timesfm3,168,10,True
electricity,MT_131,toto2,168,1,True
electricity,MT_131,toto2,168,2,True
electricity,MT_131,toto2,168,3,True
electricity,MT_131,toto2,168,4,True
electricity,MT_131,toto2,168,5,True
electricity,MT_131,toto2,168,6,True
electricity,MT_131,toto2,168,7,True
electricity,MT_131,toto2,168,8,True
electricity,MT_131,toto2,168,9,True
electricity,MT_131,toto2,168,10,True
electricity,MT_132,seasonal-naive,24,1,True
electricity,MT_132,seasonal-naive,24,2,True
electricity,MT_132,seasonal-naive,24,3,True
electricity,MT_132,seasonal-naive,24,4,True
electricity,MT_132,seasonal-naive,24,5,True
electricity,MT_132,seasonal-naive,24,6,True
electricity,MT_132,seasonal-naive,24,7,True
electricity,MT_132,seasonal-naive,24,8,True
electricity,MT_132,seasonal-naive,24,9,True
electricity,MT_132,seasonal-naive,24,10,True
electricity,MT_132,lstm,24,1,True
electricity,MT_132,lstm,24,2,True
electricity,MT_132,lstm,24,3,True
electricity,MT_132,lstm,24,4,True
electricity,MT_132,lstm,24,5,True
electricity,MT_132,lstm,24,6,True
electricity,MT_132,lstm,24,7,True
electricity,MT_132,lstm,24,8,True
electricity,MT_132,lstm,24,9,True
electricity,MT_132,lstm,24,10,True
electricity,MT_132,chronos2,24,1,True
electricity,MT_132,chronos2,24,2,True
electricity,MT_132,chronos2,24,3,True
electricity,MT_132,chronos2,24,4,True
electricity,MT_132,chronos2,24,5,True
electricity,MT_132,chronos2,24,6,True
electricity,MT_132,chronos2,24,7,True
electricity,MT_132,chronos2,24,8,True
electricity,MT_132,chronos2,24,9,True
electricity,MT_132,chronos2,24,10,True
electricity,MT_132,timesfm3,24,1,True
electricity,MT_132,timesfm3,24,2,True
electricity,MT_132,timesfm3,24,3,True
electricity,MT_132,timesfm3,24,4,True
electricity,MT_132,timesfm3,24,5,True
electricity,MT_132,timesfm3,24,6,True
electricity,MT_132,timesfm3,24,7,True
electricity,MT_132,timesfm3,24,8,True
electricity,MT_132,timesfm3,24,9,True
electricity,MT_132,timesfm3,24,10,True
electricity,MT_132,toto2,24,1,True
electricity,MT_132,toto2,24,2,True
electricity,MT_132,toto2,24,3,True
electricity,MT_132,toto2,24,4,True
electricity,MT_132,toto2,24,5,True
electricity,MT_132,toto2,24,6,True
electricity,MT_132,toto2,24,7,True
electricity,MT_132,toto2,24,8,True
electricity,MT_132,toto2,24,9,True
electricity,MT_132,toto2,24,10,True
electricity,MT_132,seasonal-naive,168,1,True
electricity,MT_132,seasonal-naive,168,2,True
electricity,MT_132,seasonal-naive,168,3,True
electricity,MT_132,seasonal-naive,168,4,True
electricity,MT_132,seasonal-naive,168,5,True
electricity,MT_132,seasonal-naive,168,6,True
electricity,MT_132,seasonal-naive,168,7,True
electricity,MT_132,seasonal-naive,168,8,True
electricity,MT_132,seasonal-naive,168,9,True
electricity,MT_132,seasonal-naive,168,10,True
electricity,MT_132,lstm,168,1,True
electricity,MT_132,lstm,168,2,True
electricity,MT_132,lstm,168,3,True
electricity,MT_132,lstm,168,4,True
electricity,MT_132,lstm,168,5,True
electricity,MT_132,lstm,168,6,True
electricity,MT_132,lstm,168,7,True
electricity,MT_132,lstm,168,8,True
electricity,MT_132,lstm,168,9,True
electricity,MT_132,lstm,168,10,True
electricity,MT_132,chronos2,168,1,True
electricity,MT_132,chronos2,168,2,True
electricity,MT_132,chronos2,168,3,True
electricity,MT_132,chronos2,168,4,True
electricity,MT_132,chronos2,168,5,True
electricity,MT_132,chronos2,168,6,True
electricity,MT_132,chronos2,168,7,True
electricity,MT_132,chronos2,168,8,True
electricity,MT_132,chronos2,168,9,True
electricity,MT_132,chronos2,168,10,True
electricity,MT_132,timesfm3,168,1,True
electricity,MT_132,timesfm3,168,2,True
electricity,MT_132,timesfm3,168,3,True
electricity,MT_132,timesfm3,168,4,True
electricity,MT_132,timesfm3,168,5,True
electricity,MT_132,timesfm3,168,6,True
electricity,MT_132,timesfm3,168,7,True
electricity,MT_132,timesfm3,168,8,True
electricity,MT_132,timesfm3,168,9,True
electricity,MT_132,timesfm3,168,10,True
electricity,MT_132,toto2,168,1,True
electricity,MT_132,toto2,168,2,True
electricity,MT_132,toto2,168,3,True
electricity,MT_132,toto2,168,4,True
electricity,MT_132,toto2,168,5,True
electricity,MT_132,toto2,168,6,True
electricity,MT_132,toto2,168,7,True
electricity,MT_132,toto2,168,8,True
electricity,MT_132,toto2,168,9,True
electricity,MT_132,toto2,168,10,True
electricity,MT_156,seasonal-naive,24,1,True
electricity,MT_156,seasonal-naive,24,2,True
electricity,MT_156,seasonal-naive,24,3,True
electricity,MT_156,seasonal-naive,24,4,True
electricity,MT_156,seasonal-naive,24,5,True
electricity,MT_156,seasonal-naive,24,6,True
electricity,MT_156,seasonal-naive,24,7,True
electricity,MT_156,seasonal-naive,24,8,True
electricity,MT_156,seasonal-naive,24,9,True
electricity,MT_156,seasonal-naive,24,10,True
electricity,MT_156,lstm,24,1,True
electricity,MT_156,lstm,24,2,True
electricity,MT_156,lstm,24,3,True
electricity,MT_156,lstm,24,4,True
electricity,MT_156,lstm,24,5,True
electricity,MT_156,lstm,24,6,True
electricity,MT_156,lstm,24,7,True
electricity,MT_156,lstm,24,8,True
electricity,MT_156,lstm,24,9,True
electricity,MT_156,lstm,24,10,True
electricity,MT_156,chronos2,24,1,True
electricity,MT_156,chronos2,24,2,True
electricity,MT_156,chronos2,24,3,True
electricity,MT_156,chronos2,24,4,True
electricity,MT_156,chronos2,24,5,True
electricity,MT_156,chronos2,24,6,True
electricity,MT_156,chronos2,24,7,True
electricity,MT_156,chronos2,24,8,True
electricity,MT_156,chronos2,24,9,True
electricity,MT_156,chronos2,24,10,True
electricity,MT_156,timesfm3,24,1,True
electricity,MT_156,timesfm3,24,2,True
electricity,MT_156,timesfm3,24,3,True
electricity,MT_156,timesfm3,24,4,True
electricity,MT_156,timesfm3,24,5,True
electricity,MT_156,timesfm3,24,6,True
electricity,MT_156,timesfm3,24,7,True
electricity,MT_156,timesfm3,24,8,True
electricity,MT_156,timesfm3,24,9,True
electricity,MT_156,timesfm3,24,10,True
electricity,MT_156,toto2,24,1,True
electricity,MT_156,toto2,24,2,True
electricity,MT_156,toto2,24,3,True
electricity,MT_156,toto2,24,4,True
electricity,MT_156,toto2,24,5,True
electricity,MT_156,toto2,24,6,True
electricity,MT_156,toto2,24,7,True
electricity,MT_156,toto2,24,8,True
electricity,MT_156,toto2,24,9,True
electricity,MT_156,toto2,24,10,True
electricity,MT_156,seasonal-naive,168,1,True
electricity,MT_156,seasonal-naive,168,2,True
electricity,MT_156,seasonal-naive,168,3,True
electricity,MT_156,seasonal-naive,168,4,True
electricity,MT_156,seasonal-naive,168,5,True
electricity,MT_156,seasonal-naive,168,6,True
electricity,MT_156,seasonal-naive,168,7,True
electricity,MT_156,seasonal-naive,168,8,True
electricity,MT_156,seasonal-naive,168,9,True
electricity,MT_156,seasonal-naive,168,10,True
electricity,MT_156,lstm,168,1,True
electricity,MT_156,lstm,168,2,True
electricity,MT_156,lstm,168,3,True
electricity,MT_156,lstm,168,4,True
electricity,MT_156,lstm,168,5,True
electricity,MT_156,lstm,168,6,True
electricity,MT_156,lstm,168,7,True
electricity,MT_156,lstm,168,8,True
electricity,MT_156,lstm,168,9,True
electricity,MT_156,lstm,168,10,True
electricity,MT_156,chronos2,168,1,True
electricity,MT_156,chronos2,168,2,True
electricity,MT_156,chronos2,168,3,True
electricity,MT_156,chronos2,168,4,True
electricity,MT_156,chronos2,168,5,True
electricity,MT_156,chronos2,168,6,True
electricity,MT_156,chronos2,168,7,True
electricity,MT_156,chronos2,168,8,True
electricity,MT_156,chronos2,168,9,True
electricity,MT_156,chronos2,168,10,True
electricity,MT_156,timesfm3,168,1,True
electricity,MT_156,timesfm3,168,2,True
electricity,MT_156,timesfm3,168,3,True
electricity,MT_156,timesfm3,168,4,True
electricity,MT_156,timesfm3,168,5,True
electricity,MT_156,timesfm3,168,6,True
electricity,MT_156,timesfm3,168,7,True
electricity,MT_156,timesfm3,168,8,True
electricity,MT_156,timesfm3,168,9,True
electricity,MT_156,timesfm3,168,10,True
electricity,MT_156,toto2,168,1,True
electricity,MT_156,toto2,168,2,True
electricity,MT_156,toto2,168,3,True
electricity,MT_156,toto2,168,4,True
electricity,MT_156,toto2,168,5,True
electricity,MT_156,toto2,168,6,True
electricity,MT_156,toto2,168,7,True
electricity,MT_156,toto2,168,8,True
electricity,MT_156,toto2,168,9,True
electricity,MT_156,toto2,168,10,True
electricity,MT_158,seasonal-naive,24,1,True
electricity,MT_158,seasonal-naive,24,2,True
electricity,MT_158,seasonal-naive,24,3,True
electricity,MT_158,seasonal-naive,24,4,True
electricity,MT_158,seasonal-naive,24,5,True
electricity,MT_158,seasonal-naive,24,6,True
electricity,MT_158,seasonal-naive,24,7,True
electricity,MT_158,seasonal-naive,24,8,True
electricity,MT_158,seasonal-naive,24,9,True
electricity,MT_158,seasonal-naive,24,10,True
electricity,MT_158,lstm,24,1,True
electricity,MT_158,lstm,24,2,True
electricity,MT_158,lstm,24,3,True
electricity,MT_158,lstm,24,4,True
electricity,MT_158,lstm,24,5,True
electricity,MT_158,lstm,24,6,True
electricity,MT_158,lstm,24,7,True
electricity,MT_158,lstm,24,8,True
electricity,MT_158,lstm,24,9,True
electricity,MT_158,lstm,24,10,True
electricity,MT_158,chronos2,24,1,True
electricity,MT_158,chronos2,24,2,True
electricity,MT_158,chronos2,24,3,True
electricity,MT_158,chronos2,24,4,True
electricity,MT_158,chronos2,24,5,True
electricity,MT_158,chronos2,24,6,True
electricity,MT_158,chronos2,24,7,True
electricity,MT_158,chronos2,24,8,True
electricity,MT_158,chronos2,24,9,True
electricity,MT_158,chronos2,24,10,True
electricity,MT_158,timesfm3,24,1,True
electricity,MT_158,timesfm3,24,2,True
electricity,MT_158,timesfm3,24,3,True
electricity,MT_158,timesfm3,24,4,True
electricity,MT_158,timesfm3,24,5,True
electricity,MT_158,timesfm3,24,6,True
electricity,MT_158,timesfm3,24,7,True
electricity,MT_158,timesfm3,24,8,True
electricity,MT_158,timesfm3,24,9,True
electricity,MT_158,timesfm3,24,10,True
electricity,MT_158,toto2,24,1,True
electricity,MT_158,toto2,24,2,True
electricity,MT_158,toto2,24,3,True
electricity,MT_158,toto2,24,4,True
electricity,MT_158,toto2,24,5,True
electricity,MT_158,toto2,24,6,True
electricity,MT_158,toto2,24,7,True
electricity,MT_158,toto2,24,8,True
electricity,MT_158,toto2,24,9,True
electricity,MT_158,toto2,24,10,True
electricity,MT_158,seasonal-naive,168,1,True
electricity,MT_158,seasonal-naive,168,2,True
electricity,MT_158,seasonal-naive,168,3,True
electricity,MT_158,seasonal-naive,168,4,True
electricity,MT_158,seasonal-naive,168,5,True
electricity,MT_158,seasonal-naive,168,6,True
electricity,MT_158,seasonal-naive,168,7,True
electricity,MT_158,seasonal-naive,168,8,True
electricity,MT_158,seasonal-naive,168,9,True
electricity,MT_158,seasonal-naive,168,10,True
electricity,MT_158,lstm,168,1,True
electricity,MT_158,lstm,168,2,True
electricity,MT_158,lstm,168,3,True
electricity,MT_158,lstm,168,4,True
electricity,MT_158,lstm,168,5,True
electricity,MT_158,lstm,168,6,True
electricity,MT_158,lstm,168,7,True
electricity,MT_158,lstm,168,8,True
electricity,MT_158,lstm,168,9,True
electricity,MT_158,lstm,168,10,True
electricity,MT_158,chronos2,168,1,True
electricity,MT_158,chronos2,168,2,True
electricity,MT_158,chronos2,168,3,True
electricity,MT_158,chronos2,168,4,True
electricity,MT_158,chronos2,168,5,True
electricity,MT_158,chronos2,168,6,True
electricity,MT_158,chronos2,168,7,True
electricity,MT_158,chronos2,168,8,True
electricity,MT_158,chronos2,168,9,True
electricity,MT_158,chronos2,168,10,True
electricity,MT_158,timesfm3,168,1,True
electricity,MT_158,timesfm3,168,2,True
electricity,MT_158,timesfm3,168,3,True
electricity,MT_158,timesfm3,168,4,True
electricity,MT_158,timesfm3,168,5,True
electricity,MT_158,timesfm3,168,6,True
electricity,MT_158,timesfm3,168,7,True
electricity,MT_158,timesfm3,168,8,True
electricity,MT_158,timesfm3,168,9,True
electricity,MT_158,timesfm3,168,10,True
electricity,MT_158,toto2,168,1,True
electricity,MT_158,toto2,168,2,True
electricity,MT_158,toto2,168,3,True
electricity,MT_158,toto2,168,4,True
electricity,MT_158,toto2,168,5,True
electricity,MT_158,toto2,168,6,True
electricity,MT_158,toto2,168,7,True
electricity,MT_158,toto2,168,8,True
electricity,MT_158,toto2,168,9,True
electricity,MT_158,toto2,168,10,True
electricity,MT_159,seasonal-naive,24,1,True
electricity,MT_159,seasonal-naive,24,2,True
electricity,MT_159,seasonal-naive,24,3,True
electricity,MT_159,seasonal-naive,24,4,True
electricity,MT_159,seasonal-naive,24,5,True
electricity,MT_159,seasonal-naive,24,6,True
electricity,MT_159,seasonal-naive,24,7,True
electricity,MT_159,seasonal-naive,24,8,True
electricity,MT_159,seasonal-naive,24,9,True
electricity,MT_159,seasonal-naive,24,10,True
electricity,MT_159,lstm,24,1,True
electricity,MT_159,lstm,24,2,True
electricity,MT_159,lstm,24,3,True
electricity,MT_159,lstm,24,4,True
electricity,MT_159,lstm,24,5,True
electricity,MT_159,lstm,24,6,True
electricity,MT_159,lstm,24,7,True
electricity,MT_159,lstm,24,8,True
electricity,MT_159,lstm,24,9,True
electricity,MT_159,lstm,24,10,True
electricity,MT_159,chronos2,24,1,True
electricity,MT_159,chronos2,24,2,True
electricity,MT_159,chronos2,24,3,True
electricity,MT_159,chronos2,24,4,True
electricity,MT_159,chronos2,24,5,True
electricity,MT_159,chronos2,24,6,True
electricity,MT_159,chronos2,24,7,True
electricity,MT_159,chronos2,24,8,True
electricity,MT_159,chronos2,24,9,True
electricity,MT_159,chronos2,24,10,True
electricity,MT_159,timesfm3,24,1,True
electricity,MT_159,timesfm3,24,2,True
electricity,MT_159,timesfm3,24,3,True
electricity,MT_159,timesfm3,24,4,True
electricity,MT_159,timesfm3,24,5,True
electricity,MT_159,timesfm3,24,6,True
electricity,MT_159,timesfm3,24,7,True
electricity,MT_159,timesfm3,24,8,True
electricity,MT_159,timesfm3,24,9,True
electricity,MT_159,timesfm3,24,10,True
electricity,MT_159,toto2,24,1,True
electricity,MT_159,toto2,24,2,True
electricity,MT_159,toto2,24,3,True
electricity,MT_159,toto2,24,4,True
electricity,MT_159,toto2,24,5,True
electricity,MT_159,toto2,24,6,True
electricity,MT_159,toto2,24,7,True
electricity,MT_159,toto2,24,8,True
electricity,MT_159,toto2,24,9,True
electricity,MT_159,toto2,24,10,True
electricity,MT_159,seasonal-naive,168,1,True
electricity,MT_159,seasonal-naive,168,2,True
electricity,MT_159,seasonal-naive,168,3,True
electricity,MT_159,seasonal-naive,168,4,True
electricity,MT_159,seasonal-naive,168,5,True
electricity,MT_159,seasonal-naive,168,6,True
electricity,MT_159,seasonal-naive,168,7,True
electricity,MT_159,seasonal-naive,168,8,True
electricity,MT_159,seasonal-naive,168,9,True
electricity,MT_159,seasonal-naive,168,10,True
electricity,MT_159,lstm,168,1,True
electricity,MT_159,lstm,168,2,True
electricity,MT_159,lstm,168,3,True
electricity,MT_159,lstm,168,4,True
electricity,MT_159,lstm,168,5,True
electricity,MT_159,lstm,168,6,True
electricity,MT_159,lstm,168,7,True
electricity,MT_159,lstm,168,8,True
electricity,MT_159,lstm,168,9,True
electricity,MT_159,lstm,168,10,True
electricity,MT_159,chronos2,168,1,True
electricity,MT_159,chronos2,168,2,True
electricity,MT_159,chronos2,168,3,True
electricity,MT_159,chronos2,168,4,True
electricity,MT_159,chronos2,168,5,True
electricity,MT_159,chronos2,168,6,True
electricity,MT_159,chronos2,168,7,True
electricity,MT_159,chronos2,168,8,True
electricity,MT_159,chronos2,168,9,True
electricity,MT_159,chronos2,168,10,True
electricity,MT_159,timesfm3,168,1,True
electricity,MT_159,timesfm3,168,2,True
electricity,MT_159,timesfm3,168,3,True
electricity,MT_159,timesfm3,168,4,True
electricity,MT_159,timesfm3,168,5,True
electricity,MT_159,timesfm3,168,6,True
electricity,MT_159,timesfm3,168,7,True
electricity,MT_159,timesfm3,168,8,True
electricity,MT_159,timesfm3,168,9,True
electricity,MT_159,timesfm3,168,10,True
electricity,MT_159,toto2,168,1,True
electricity,MT_159,toto2,168,2,True
electricity,MT_159,toto2,168,3,True
electricity,MT_159,toto2,168,4,True
electricity,MT_159,toto2,168,5,True
electricity,MT_159,toto2,168,6,True
electricity,MT_159,toto2,168,7,True
electricity,MT_159,toto2,168,8,True
electricity,MT_159,toto2,168,9,True
electricity,MT_159,toto2,168,10,True
electricity,MT_161,seasonal-naive,24,1,True
electricity,MT_161,seasonal-naive,24,2,True
electricity,MT_161,seasonal-naive,24,3,True
electricity,MT_161,seasonal-naive,24,4,True
electricity,MT_161,seasonal-naive,24,5,True
electricity,MT_161,seasonal-naive,24,6,True
electricity,MT_161,seasonal-naive,24,7,True
electricity,MT_161,seasonal-naive,24,8,True
electricity,MT_161,seasonal-naive,24,9,True
electricity,MT_161,seasonal-naive,24,10,True
electricity,MT_161,lstm,24,1,True
electricity,MT_161,lstm,24,2,True
electricity,MT_161,lstm,24,3,True
electricity,MT_161,lstm,24,4,True
electricity,MT_161,lstm,24,5,True
electricity,MT_161,lstm,24,6,True
electricity,MT_161,lstm,24,7,True
electricity,MT_161,lstm,24,8,True
electricity,MT_161,lstm,24,9,True
electricity,MT_161,lstm,24,10,True
electricity,MT_161,chronos2,24,1,True
electricity,MT_161,chronos2,24,2,True
electricity,MT_161,chronos2,24,3,True
electricity,MT_161,chronos2,24,4,True
electricity,MT_161,chronos2,24,5,True
electricity,MT_161,chronos2,24,6,True
electricity,MT_161,chronos2,24,7,True
electricity,MT_161,chronos2,24,8,True
electricity,MT_161,chronos2,24,9,True
electricity,MT_161,chronos2,24,10,True
electricity,MT_161,timesfm3,24,1,True
electricity,MT_161,timesfm3,24,2,True
electricity,MT_161,timesfm3,24,3,True
electricity,MT_161,timesfm3,24,4,True
electricity,MT_161,timesfm3,24,5,True
electricity,MT_161,timesfm3,24,6,True
electricity,MT_161,timesfm3,24,7,True
electricity,MT_161,timesfm3,24,8,True
electricity,MT_161,timesfm3,24,9,True
electricity,MT_161,timesfm3,24,10,True
electricity,MT_161,toto2,24,1,True
electricity,MT_161,toto2,24,2,True
electricity,MT_161,toto2,24,3,True
electricity,MT_161,toto2,24,4,True
electricity,MT_161,toto2,24,5,True
electricity,MT_161,toto2,24,6,True
electricity,MT_161,toto2,24,7,True
electricity,MT_161,toto2,24,8,True
electricity,MT_161,toto2,24,9,True
electricity,MT_161,toto2,24,10,True
electricity,MT_161,seasonal-naive,168,1,True
electricity,MT_161,seasonal-naive,168,2,True
electricity,MT_161,seasonal-naive,168,3,True
electricity,MT_161,seasonal-naive,168,4,True
electricity,MT_161,seasonal-naive,168,5,True
electricity,MT_161,seasonal-naive,168,6,True
electricity,MT_161,seasonal-naive,168,7,True
electricity,MT_161,seasonal-naive,168,8,True
electricity,MT_161,seasonal-naive,168,9,True
electricity,MT_161,seasonal-naive,168,10,True
electricity,MT_161,lstm,168,1,True
electricity,MT_161,lstm,168,2,True
electricity,MT_161,lstm,168,3,True
electricity,MT_161,lstm,168,4,True
electricity,MT_161,lstm,168,5,True
electricity,MT_161,lstm,168,6,True
electricity,MT_161,lstm,168,7,True
electricity,MT_161,lstm,168,8,True
electricity,MT_161,lstm,168,9,True
electricity,MT_161,lstm,168,10,True
electricity,MT_161,chronos2,168,1,True
electricity,MT_161,chronos2,168,2,True
electricity,MT_161,chronos2,168,3,True
electricity,MT_161,chronos2,168,4,True
electricity,MT_161,chronos2,168,5,True
electricity,MT_161,chronos2,168,6,True
electricity,MT_161,chronos2,168,7,True
electricity,MT_161,chronos2,168,8,True
electricity,MT_161,chronos2,168,9,True
electricity,MT_161,chronos2,168,10,True
electricity,MT_161,timesfm3,168,1,True
electricity,MT_161,timesfm3,168,2,True
electricity,MT_161,timesfm3,168,3,True
electricity,MT_161,timesfm3,168,4,True
electricity,MT_161,timesfm3,168,5,True
electricity,MT_161,timesfm3,168,6,True
electricity,MT_161,timesfm3,168,7,True
electricity,MT_161,timesfm3,168,8,True
electricity,MT_161,timesfm3,168,9,True
electricity,MT_161,timesfm3,168,10,True
electricity,MT_161,toto2,168,1,True
electricity,MT_161,toto2,168,2,True
electricity,MT_161,toto2,168,3,True
electricity,MT_161,toto2,168,4,True
electricity,MT_161,toto2,168,5,True
electricity,MT_161,toto2,168,6,True
electricity,MT_161,toto2,168,7,True
electricity,MT_161,toto2,168,8,True
electricity,MT_161,toto2,168,9,True
electricity,MT_161,toto2,168,10,True
electricity,MT_162,seasonal-naive,24,1,True
electricity,MT_162,seasonal-naive,24,2,True
electricity,MT_162,seasonal-naive,24,3,True
electricity,MT_162,seasonal-naive,24,4,True
electricity,MT_162,seasonal-naive,24,5,True
electricity,MT_162,seasonal-naive,24,6,True
electricity,MT_162,seasonal-naive,24,7,True
electricity,MT_162,seasonal-naive,24,8,True
electricity,MT_162,seasonal-naive,24,9,True
electricity,MT_162,seasonal-naive,24,10,True
electricity,MT_162,lstm,24,1,True
electricity,MT_162,lstm,24,2,True
electricity,MT_162,lstm,24,3,True
electricity,MT_162,lstm,24,4,True
electricity,MT_162,lstm,24,5,True
electricity,MT_162,lstm,24,6,True
electricity,MT_162,lstm,24,7,True
electricity,MT_162,lstm,24,8,True
electricity,MT_162,lstm,24,9,True
electricity,MT_162,lstm,24,10,True
electricity,MT_162,chronos2,24,1,True
electricity,MT_162,chronos2,24,2,True
electricity,MT_162,chronos2,24,3,True
electricity,MT_162,chronos2,24,4,True
electricity,MT_162,chronos2,24,5,True
electricity,MT_162,chronos2,24,6,True
electricity,MT_162,chronos2,24,7,True
electricity,MT_162,chronos2,24,8,True
electricity,MT_162,chronos2,24,9,True
electricity,MT_162,chronos2,24,10,True
electricity,MT_162,timesfm3,24,1,True
electricity,MT_162,timesfm3,24,2,True
electricity,MT_162,timesfm3,24,3,True
electricity,MT_162,timesfm3,24,4,True
electricity,MT_162,timesfm3,24,5,True
electricity,MT_162,timesfm3,24,6,True
electricity,MT_162,timesfm3,24,7,True
electricity,MT_162,timesfm3,24,8,True
electricity,MT_162,timesfm3,24,9,True
electricity,MT_162,timesfm3,24,10,True
electricity,MT_162,toto2,24,1,True
electricity,MT_162,toto2,24,2,True
electricity,MT_162,toto2,24,3,True
electricity,MT_162,toto2,24,4,True
electricity,MT_162,toto2,24,5,True
electricity,MT_162,toto2,24,6,True
electricity,MT_162,toto2,24,7,True
electricity,MT_162,toto2,24,8,True
electricity,MT_162,toto2,24,9,True
electricity,MT_162,toto2,24,10,True
electricity,MT_162,seasonal-naive,168,1,True
electricity,MT_162,seasonal-naive,168,2,True
electricity,MT_162,seasonal-naive,168,3,True
electricity,MT_162,seasonal-naive,168,4,True
electricity,MT_162,seasonal-naive,168,5,True
electricity,MT_162,seasonal-naive,168,6,True
electricity,MT_162,seasonal-naive,168,7,True
electricity,MT_162,seasonal-naive,168,8,True
electricity,MT_162,seasonal-naive,168,9,True
electricity,MT_162,seasonal-naive,168,10,True
electricity,MT_162,lstm,168,1,True
electricity,MT_162,lstm,168,2,True
electricity,MT_162,lstm,168,3,True
electricity,MT_162,lstm,168,4,True
electricity,MT_162,lstm,168,5,True
electricity,MT_162,lstm,168,6,True
electricity,MT_162,lstm,168,7,True
electricity,MT_162,lstm,168,8,True
electricity,MT_162,lstm,168,9,True
electricity,MT_162,lstm,168,10,True
electricity,MT_162,chronos2,168,1,True
electricity,MT_162,chronos2,168,2,True
electricity,MT_162,chronos2,168,3,True
electricity,MT_162,chronos2,168,4,True
electricity,MT_162,chronos2,168,5,True
electricity,MT_162,chronos2,168,6,True
electricity,MT_162,chronos2,168,7,True
electricity,MT_162,chronos2,168,8,True
electricity,MT_162,chronos2,168,9,True
electricity,MT_162,chronos2,168,10,True
electricity,MT_162,timesfm3,168,1,True
electricity,MT_162,timesfm3,168,2,True
electricity,MT_162,timesfm3,168,3,True
electricity,MT_162,timesfm3,168,4,True
electricity,MT_162,timesfm3,168,5,True
electricity,MT_162,timesfm3,168,6,True
electricity,MT_162,timesfm3,168,7,True
electricity,MT_162,timesfm3,168,8,True
electricity,MT_162,timesfm3,168,9,True
electricity,MT_162,timesfm3,168,10,True
electricity,MT_162,toto2,168,1,True
electricity,MT_162,toto2,168,2,True
electricity,MT_162,toto2,168,3,True
electricity,MT_162,toto2,168,4,True
electricity,MT_162,toto2,168,5,True
electricity,MT_162,toto2,168,6,True
electricity,MT_162,toto2,168,7,True
electricity,MT_162,toto2,168,8,True
electricity,MT_162,toto2,168,9,True
electricity,MT_162,toto2,168,10,True
electricity,MT_163,seasonal-naive,24,1,True
electricity,MT_163,seasonal-naive,24,2,True
electricity,MT_163,seasonal-naive,24,3,True
electricity,MT_163,seasonal-naive,24,4,True
electricity,MT_163,seasonal-naive,24,5,True
electricity,MT_163,seasonal-naive,24,6,True
electricity,MT_163,seasonal-naive,24,7,True
electricity,MT_163,seasonal-naive,24,8,True
electricity,MT_163,seasonal-naive,24,9,True
electricity,MT_163,seasonal-naive,24,10,True
electricity,MT_163,lstm,24,1,True
electricity,MT_163,lstm,24,2,True
electricity,MT_163,lstm,24,3,True
electricity,MT_163,lstm,24,4,True
electricity,MT_163,lstm,24,5,True
electricity,MT_163,lstm,24,6,True
electricity,MT_163,lstm,24,7,True
electricity,MT_163,lstm,24,8,True
electricity,MT_163,lstm,24,9,True
electricity,MT_163,lstm,24,10,True
electricity,MT_163,chronos2,24,1,True
electricity,MT_163,chronos2,24,2,True
electricity,MT_163,chronos2,24,3,True
electricity,MT_163,chronos2,24,4,True
electricity,MT_163,chronos2,24,5,True
electricity,MT_163,chronos2,24,6,True
electricity,MT_163,chronos2,24,7,True
electricity,MT_163,chronos2,24,8,True
electricity,MT_163,chronos2,24,9,True
electricity,MT_163,chronos2,24,10,True
electricity,MT_163,timesfm3,24,1,True
electricity,MT_163,timesfm3,24,2,True
electricity,MT_163,timesfm3,24,3,True
electricity,MT_163,timesfm3,24,4,True
electricity,MT_163,timesfm3,24,5,True
electricity,MT_163,timesfm3,24,6,True
electricity,MT_163,timesfm3,24,7,True
electricity,MT_163,timesfm3,24,8,True
electricity,MT_163,timesfm3,24,9,True
electricity,MT_163,timesfm3,24,10,True
electricity,MT_163,toto2,24,1,True
electricity,MT_163,toto2,24,2,True
electricity,MT_163,toto2,24,3,True
electricity,MT_163,toto2,24,4,True
electricity,MT_163,toto2,24,5,True
electricity,MT_163,toto2,24,6,True
electricity,MT_163,toto2,24,7,True
electricity,MT_163,toto2,24,8,True
electricity,MT_163,toto2,24,9,True
electricity,MT_163,toto2,24,10,True
electricity,MT_163,seasonal-naive,168,1,True
electricity,MT_163,seasonal-naive,168,2,True
electricity,MT_163,seasonal-naive,168,3,True
electricity,MT_163,seasonal-naive,168,4,True
electricity,MT_163,seasonal-naive,168,5,True
electricity,MT_163,seasonal-naive,168,6,True
electricity,MT_163,seasonal-naive,168,7,True
electricity,MT_163,seasonal-naive,168,8,True
electricity,MT_163,seasonal-naive,168,9,True
electricity,MT_163,seasonal-naive,168,10,True
electricity,MT_163,lstm,168,1,True
electricity,MT_163,lstm,168,2,True
electricity,MT_163,lstm,168,3,True
electricity,MT_163,lstm,168,4,True
electricity,MT_163,lstm,168,5,True
electricity,MT_163,lstm,168,6,True
electricity,MT_163,lstm,168,7,True
electricity,MT_163,lstm,168,8,True
electricity,MT_163,lstm,168,9,True
electricity,MT_163,lstm,168,10,True
electricity,MT_163,chronos2,168,1,True
electricity,MT_163,chronos2,168,2,True
electricity,MT_163,chronos2,168,3,True
electricity,MT_163,chronos2,168,4,True
electricity,MT_163,chronos2,168,5,True
electricity,MT_163,chronos2,168,6,True
electricity,MT_163,chronos2,168,7,True
electricity,MT_163,chronos2,168,8,True
electricity,MT_163,chronos2,168,9,True
electricity,MT_163,chronos2,168,10,True
electricity,MT_163,timesfm3,168,1,True
electricity,MT_163,timesfm3,168,2,True
electricity,MT_163,timesfm3,168,3,True
electricity,MT_163,timesfm3,168,4,True
electricity,MT_163,timesfm3,168,5,True
electricity,MT_163,timesfm3,168,6,True
electricity,MT_163,timesfm3,168,7,True
electricity,MT_163,timesfm3,168,8,True
electricity,MT_163,timesfm3,168,9,True
electricity,MT_163,timesfm3,168,10,True
electricity,MT_163,toto2,168,1,True
electricity,MT_163,toto2,168,2,True
electricity,MT_163,toto2,168,3,True
electricity,MT_163,toto2,168,4,True
electricity,MT_163,toto2,168,5,True
electricity,MT_163,toto2,168,6,True
electricity,MT_163,toto2,168,7,True
electricity,MT_163,toto2,168,8,True
electricity,MT_163,toto2,168,9,True
electricity,MT_163,toto2,168,10,True
electricity,MT_166,seasonal-naive,24,1,True
electricity,MT_166,seasonal-naive,24,2,True
electricity,MT_166,seasonal-naive,24,3,True
electricity,MT_166,seasonal-naive,24,4,True
electricity,MT_166,seasonal-naive,24,5,True
electricity,MT_166,seasonal-naive,24,6,True
electricity,MT_166,seasonal-naive,24,7,True
electricity,MT_166,seasonal-naive,24,8,True
electricity,MT_166,seasonal-naive,24,9,True
electricity,MT_166,seasonal-naive,24,10,True
electricity,MT_166,lstm,24,1,True
electricity,MT_166,lstm,24,2,True
electricity,MT_166,lstm,24,3,True
electricity,MT_166,lstm,24,4,True
electricity,MT_166,lstm,24,5,True
electricity,MT_166,lstm,24,6,True
electricity,MT_166,lstm,24,7,True
electricity,MT_166,lstm,24,8,True
electricity,MT_166,lstm,24,9,True
electricity,MT_166,lstm,24,10,True
electricity,MT_166,chronos2,24,1,True
electricity,MT_166,chronos2,24,2,True
electricity,MT_166,chronos2,24,3,True
electricity,MT_166,chronos2,24,4,True
electricity,MT_166,chronos2,24,5,True
electricity,MT_166,chronos2,24,6,True
electricity,MT_166,chronos2,24,7,True
electricity,MT_166,chronos2,24,8,True
electricity,MT_166,chronos2,24,9,True
electricity,MT_166,chronos2,24,10,True
electricity,MT_166,timesfm3,24,1,True
electricity,MT_166,timesfm3,24,2,True
electricity,MT_166,timesfm3,24,3,True
electricity,MT_166,timesfm3,24,4,True
electricity,MT_166,timesfm3,24,5,True
electricity,MT_166,timesfm3,24,6,True
electricity,MT_166,timesfm3,24,7,True
electricity,MT_166,timesfm3,24,8,True
electricity,MT_166,timesfm3,24,9,True
electricity,MT_166,timesfm3,24,10,True
electricity,MT_166,toto2,24,1,True
electricity,MT_166,toto2,24,2,True
electricity,MT_166,toto2,24,3,True
electricity,MT_166,toto2,24,4,True
electricity,MT_166,toto2,24,5,True
electricity,MT_166,toto2,24,6,True
electricity,MT_166,toto2,24,7,True
electricity,MT_166,toto2,24,8,True
electricity,MT_166,toto2,24,9,True
electricity,MT_166,toto2,24,10,True
electricity,MT_166,seasonal-naive,168,1,True
electricity,MT_166,seasonal-naive,168,2,True
electricity,MT_166,seasonal-naive,168,3,True
electricity,MT_166,seasonal-naive,168,4,True
electricity,MT_166,seasonal-naive,168,5,True
electricity,MT_166,seasonal-naive,168,6,True
electricity,MT_166,seasonal-naive,168,7,True
electricity,MT_166,seasonal-naive,168,8,True
electricity,MT_166,seasonal-naive,168,9,True
electricity,MT_166,seasonal-naive,168,10,True
electricity,MT_166,lstm,168,1,True
electricity,MT_166,lstm,168,2,True
electricity,MT_166,lstm,168,3,True
electricity,MT_166,lstm,168,4,True
electricity,MT_166,lstm,168,5,True
electricity,MT_166,lstm,168,6,True
electricity,MT_166,lstm,168,7,True
electricity,MT_166,lstm,168,8,True
electricity,MT_166,lstm,168,9,True
electricity,MT_166,lstm,168,10,True
electricity,MT_166,chronos2,168,1,True
electricity,MT_166,chronos2,168,2,True
electricity,MT_166,chronos2,168,3,True
electricity,MT_166,chronos2,168,4,True
electricity,MT_166,chronos2,168,5,True
electricity,MT_166,chronos2,168,6,True
electricity,MT_166,chronos2,168,7,True
electricity,MT_166,chronos2,168,8,True
electricity,MT_166,chronos2,168,9,True
electricity,MT_166,chronos2,168,10,True
electricity,MT_166,timesfm3,168,1,True
electricity,MT_166,timesfm3,168,2,True
electricity,MT_166,timesfm3,168,3,True
electricity,MT_166,timesfm3,168,4,True
electricity,MT_166,timesfm3,168,5,True
electricity,MT_166,timesfm3,168,6,True
electricity,MT_166,timesfm3,168,7,True
electricity,MT_166,timesfm3,168,8,True
electricity,MT_166,timesfm3,168,9,True
electricity,MT_166,timesfm3,168,10,True
electricity,MT_166,toto2,168,1,True
electricity,MT_166,toto2,168,2,True
electricity,MT_166,toto2,168,3,True
electricity,MT_166,toto2,168,4,True
electricity,MT_166,toto2,168,5,True
electricity,MT_166,toto2,168,6,True
electricity,MT_166,toto2,168,7,True
electricity,MT_166,toto2,168,8,True
electricity,MT_166,toto2,168,9,True
electricity,MT_166,toto2,168,10,True
household,household,seasonal-naive,24,1,True
household,household,seasonal-naive,24,2,True
household,household,seasonal-naive,24,3,True
household,household,seasonal-naive,24,4,True
household,household,seasonal-naive,24,5,True
household,household,seasonal-naive,24,6,True
household,household,seasonal-naive,24,7,True
household,household,seasonal-naive,24,8,True
household,household,seasonal-naive,24,9,True
household,household,seasonal-naive,24,10,True
household,household,lstm,24,1,True
household,household,lstm,24,2,True
household,household,lstm,24,3,True
household,household,lstm,24,4,True
household,household,lstm,24,5,True
household,household,lstm,24,6,True
household,household,lstm,24,7,True
household,household,lstm,24,8,True
household,household,lstm,24,9,True
household,household,lstm,24,10,True
household,household,chronos2,24,1,True
household,household,chronos2,24,2,True
household,household,chronos2,24,3,True
household,household,chronos2,24,4,True
household,household,chronos2,24,5,True
household,household,chronos2,24,6,True
household,household,chronos2,24,7,True
household,household,chronos2,24,8,True
household,household,chronos2,24,9,True
household,household,chronos2,24,10,True
household,household,timesfm3,24,1,True
household,household,timesfm3,24,2,True
household,household,timesfm3,24,3,True
household,household,timesfm3,24,4,True
household,household,timesfm3,24,5,True
household,household,timesfm3,24,6,True
household,household,timesfm3,24,7,True
household,household,timesfm3,24,8,True
household,household,timesfm3,24,9,True
household,household,timesfm3,24,10,True
household,household,toto2,24,1,True
household,household,toto2,24,2,True
household,household,toto2,24,3,True
household,household,toto2,24,4,True
household,household,toto2,24,5,True
household,household,toto2,24,6,True
household,household,toto2,24,7,True
household,household,toto2,24,8,True
household,household,toto2,24,9,True
household,household,toto2,24,10,True
household,household,seasonal-naive,168,1,True
household,household,seasonal-naive,168,2,True
household,household,seasonal-naive,168,3,True
household,household,seasonal-naive,168,4,True
household,household,seasonal-naive,168,5,True
household,household,seasonal-naive,168,6,True
household,household,seasonal-naive,168,7,True
household,household,seasonal-naive,168,8,True
household,household,seasonal-naive,168,9,True
household,household,seasonal-naive,168,10,True
household,household,lstm,168,1,True
household,household,lstm,168,2,True
household,household,lstm,168,3,True
household,household,lstm,168,4,True
household,household,lstm,168,5,True
household,household,lstm,168,6,True
household,household,lstm,168,7,True
household,household,lstm,168,8,True
household,household,lstm,168,9,True
household,household,lstm,168,10,True
household,household,chronos2,168,1,True
household,household,chronos2,168,2,True
household,household,chronos2,168,3,True
household,household,chronos2,168,4,True
household,household,chronos2,168,5,True
household,household,chronos2,168,6,True
household,household,chronos2,168,7,True
household,household,chronos2,168,8,True
household,household,chronos2,168,9,True
household,household,chronos2,168,10,True
household,household,timesfm3,168,1,True
household,household,timesfm3,168,2,True
household,household,timesfm3,168,3,True
household,household,timesfm3,168,4,True
household,household,timesfm3,168,5,True
household,household,timesfm3,168,6,True
household,household,timesfm3,168,7,True
household,household,timesfm3,168,8,True
household,household,timesfm3,168,9,True
household,household,timesfm3,168,10,True
household,household,toto2,168,1,True
household,household,toto2,168,2,True
household,household,toto2,168,3,True
household,household,toto2,168,4,True
household,household,toto2,168,5,True
household,household,toto2,168,6,True
household,household,toto2,168,7,True
household,household,toto2,168,8,True
household,household,toto2,168,9,True
household,household,toto2,168,10,True
