dataset,model,horizon,metric,statistic,repeat_count,requested_repeats,mean,std
electricity,seasonal-naive,24,mae,mean,10,10,69.40390411009506,1.4979556132593925e-14
electricity,seasonal-naive,24,mae,series_mean,10,10,69.40390411009506,0.0
electricity,seasonal-naive,24,rmse,mean,10,10,86.99879692864666,1.4979556132593925e-14
electricity,seasonal-naive,24,rmse,series_mean,10,10,86.99879692864666,1.4979556132593925e-14
electricity,seasonal-naive,24,mase,mean,10,10,1.051223103248414,2.340555645717801e-16
electricity,seasonal-naive,24,mase,series_mean,10,10,1.0512231032484138,2.340555645717801e-16
electricity,seasonal-naive,24,batch_latency_ms,mean,10,10,0.00034739527171437,9.82002896238318e-06
electricity,seasonal-naive,24,batch_latency_ms,series_mean,10,10,0.00034739527171437,9.820028962383169e-06
electricity,lstm,24,mae,mean,10,10,59.575734628157555,7.489778066296963e-15
electricity,lstm,24,mae,series_mean,10,10,59.575734628157555,0.0
electricity,lstm,24,rmse,mean,10,10,73.66453469344374,1.4979556132593925e-14
electricity,lstm,24,rmse,series_mean,10,10,73.66453469344376,1.4979556132593925e-14
electricity,lstm,24,mase,mean,10,10,0.7782214270512134,0.0
electricity,lstm,24,mase,series_mean,10,10,0.7782214270512134,0.0
electricity,lstm,24,batch_latency_ms,mean,10,10,1.3181778705438083,0.0010446555869816157
electricity,lstm,24,batch_latency_ms,series_mean,10,10,1.3181778705438083,0.0010446555869816142
electricity,chronos2,24,mae,mean,10,10,36.932230414817816,0.0
electricity,chronos2,24,mae,series_mean,10,10,36.93223041481782,0.0
electricity,chronos2,24,rmse,mean,10,10,47.722185118168525,0.0
electricity,chronos2,24,rmse,series_mean,10,10,47.72218511816852,0.0
electricity,chronos2,24,mase,mean,10,10,0.5428780894221583,1.1702778228589004e-16
electricity,chronos2,24,mase,series_mean,10,10,0.5428780894221583,0.0
electricity,chronos2,24,batch_latency_ms,mean,10,10,14.783523676017504,0.16964040299453417
electricity,chronos2,24,batch_latency_ms,series_mean,10,10,14.783523676017504,0.16964040299453403
electricity,timesfm3,24,mae,mean,10,10,39.790039339472045,0.0
electricity,timesfm3,24,mae,series_mean,10,10,39.790039339472045,0.0
electricity,timesfm3,24,rmse,mean,10,10,50.82843427330145,7.489778066296963e-15
electricity,timesfm3,24,rmse,series_mean,10,10,50.828434273301454,7.489778066296963e-15
electricity,timesfm3,24,mase,mean,10,10,0.5888344706428,1.1702778228589004e-16
electricity,timesfm3,24,mase,series_mean,10,10,0.5888344706428,1.1702778228589004e-16
electricity,timesfm3,24,batch_latency_ms,mean,10,10,196.54731185762424,7.718128572427782
electricity,timesfm3,24,batch_latency_ms,series_mean,10,10,196.54731185762424,7.7181285724277915
electricity,toto2,24,mae,mean,10,10,38.614049052665095,0.0
electricity,toto2,24,mae,series_mean,10,10,38.614049052665095,0.0
electricity,toto2,24,rmse,mean,10,10,49.63379902042009,0.0
electricity,toto2,24,rmse,series_mean,10,10,49.63379902042009,0.0
electricity,toto2,24,mase,mean,10,10,0.5671167610811544,1.1702778228589004e-16
electricity,toto2,24,mase,series_mean,10,10,0.5671167610811544,1.1702778228589004e-16
electricity,toto2,24,batch_latency_ms,mean,10,10,49.95965379109684,0.2587713308565979
electricity,toto2,24,batch_latency_ms,series_mean,10,10,49.95965379109684,0.25877133085659837
electricity,seasonal-naive,168,mae,mean,10,10,48.63336778224756,7.489778066296963e-15
electricity,seasonal-naive,168,mae,series_mean,10,10,48.63336778224757,7.489778066296963e-15
electricity,seasonal-naive,168,rmse,mean,10,10,69.36788028445612,1.4979556132593925e-14
electricity,seasonal-naive,168,rmse,series_mean,10,10,69.36788028445616,1.4979556132593925e-14
electricity,seasonal-naive,168,mase,mean,10,10,0.6910874275145719,0.0
electricity,seasonal-naive,168,mase,series_mean,10,10,0.691087427514572,0.0
electricity,seasonal-naive,168,batch_latency_ms,mean,10,10,0.000380073018295985,1.5415550695294545e-05
electricity,seasonal-naive,168,batch_latency_ms,series_mean,10,10,0.000380073018295985,1.541555069529453e-05
electricity,lstm,168,mae,mean,10,10,53.443243022460344,0.0
electricity,lstm,168,mae,series_mean,10,10,53.443243022460344,0.0
electricity,lstm,168,rmse,mean,10,10,71.43954204880205,0.0
electricity,lstm,168,rmse,series_mean,10,10,71.43954204880205,0.0
electricity,lstm,168,mase,mean,10,10,0.7768219404529324,0.0
electricity,lstm,168,mase,series_mean,10,10,0.7768219404529325,0.0
electricity,lstm,168,batch_latency_ms,mean,10,10,1.3257449644864825,0.0013439141357787395
electricity,lstm,168,batch_latency_ms,series_mean,10,10,1.3257449644864825,0.001343914135778779
electricity,chronos2,168,mae,mean,10,10,41.24750423340147,0.0
electricity,chronos2,168,mae,series_mean,10,10,41.24750423340147,0.0
electricity,chronos2,168,rmse,mean,10,10,57.6173833171574,7.489778066296963e-15
electricity,chronos2,168,rmse,series_mean,10,10,57.6173833171574,0.0
electricity,chronos2,168,mase,mean,10,10,0.5931727070611316,0.0
electricity,chronos2,168,mase,series_mean,10,10,0.5931727070611313,0.0
electricity,chronos2,168,batch_latency_ms,mean,10,10,15.486051761640272,0.06288740601753841
electricity,chronos2,168,batch_latency_ms,series_mean,10,10,15.486051761640272,0.06288740601753828
electricity,timesfm3,168,mae,mean,10,10,43.13523309151753,0.0
electricity,timesfm3,168,mae,series_mean,10,10,43.13523309151753,0.0
electricity,timesfm3,168,rmse,mean,10,10,59.39425862883959,0.0
electricity,timesfm3,168,rmse,series_mean,10,10,59.39425862883959,0.0
electricity,timesfm3,168,mase,mean,10,10,0.6199514499723726,0.0
electricity,timesfm3,168,mase,series_mean,10,10,0.6199514499723727,0.0
electricity,timesfm3,168,batch_latency_ms,mean,10,10,261.7970145594956,5.784100033297264
electricity,timesfm3,168,batch_latency_ms,series_mean,10,10,261.7970145594956,5.784100033297283
electricity,toto2,168,mae,mean,10,10,42.44861979429468,7.489778066296963e-15
electricity,toto2,168,mae,series_mean,10,10,42.448619794294686,7.489778066296963e-15
electricity,toto2,168,rmse,mean,10,10,59.08475254501663,0.0
electricity,toto2,168,rmse,series_mean,10,10,59.08475254501663,0.0
electricity,toto2,168,mase,mean,10,10,0.6098332948792262,1.1702778228589004e-16
electricity,toto2,168,mase,series_mean,10,10,0.6098332948792262,1.1702778228589004e-16
electricity,toto2,168,batch_latency_ms,mean,10,10,50.140223212511636,0.19570703161306033
electricity,toto2,168,batch_latency_ms,series_mean,10,10,50.14022321251164,0.19570703161305847
etth1,seasonal-naive,24,mae,mean,10,10,1.717655172413793,2.340555645717801e-16
etth1,seasonal-naive,24,mae,series_mean,10,10,1.717655172413793,2.340555645717801e-16
etth1,seasonal-naive,24,rmse,mean,10,10,1.9787702247639998,2.340555645717801e-16
etth1,seasonal-naive,24,rmse,series_mean,10,10,1.9787702247639998,2.340555645717801e-16
etth1,seasonal-naive,24,mase,mean,10,10,0.7625283177499,1.1702778228589004e-16
etth1,seasonal-naive,24,mase,series_mean,10,10,0.7625283177499,1.1702778228589004e-16
etth1,seasonal-naive,24,batch_latency_ms,mean,10,10,0.00035608235489702,3.0129695689535624e-05
etth1,seasonal-naive,24,batch_latency_ms,series_mean,10,10,0.00035608235489702,3.0129695689535624e-05
etth1,lstm,24,mae,mean,10,10,1.2807106066465515,2.340555645717801e-16
etth1,lstm,24,mae,series_mean,10,10,1.2807106066465515,2.340555645717801e-16
etth1,lstm,24,rmse,mean,10,10,1.549938202526146,0.0
etth1,lstm,24,rmse,series_mean,10,10,1.549938202526146,0.0
etth1,lstm,24,mase,mean,10,10,0.5685530600640172,1.1702778228589004e-16
etth1,lstm,24,mase,series_mean,10,10,0.5685530600640172,1.1702778228589004e-16
etth1,lstm,24,batch_latency_ms,mean,10,10,1.3340877576185197,0.004227726121456707
etth1,lstm,24,batch_latency_ms,series_mean,10,10,1.3340877576185197,0.004227726121456707
etth1,chronos2,24,mae,mean,10,10,1.2926749487298852,0.0
etth1,chronos2,24,mae,series_mean,10,10,1.2926749487298852,0.0
etth1,chronos2,24,rmse,mean,10,10,1.5536841340654155,0.0
etth1,chronos2,24,rmse,series_mean,10,10,1.5536841340654155,0.0
etth1,chronos2,24,mase,mean,10,10,0.5738644577114087,0.0
etth1,chronos2,24,mase,series_mean,10,10,0.5738644577114087,0.0
etth1,chronos2,24,batch_latency_ms,mean,10,10,13.741095814821794,0.5526435463457232
etth1,chronos2,24,batch_latency_ms,series_mean,10,10,13.741095814821794,0.5526435463457234
etth1,timesfm3,24,mae,mean,10,10,1.2379260966293102,0.0
etth1,timesfm3,24,mae,series_mean,10,10,1.2379260966293102,0.0
etth1,timesfm3,24,rmse,mean,10,10,1.491160802654104,0.0
etth1,timesfm3,24,rmse,series_mean,10,10,1.491160802654104,0.0
etth1,timesfm3,24,mase,mean,10,10,0.5495594919875131,0.0
etth1,timesfm3,24,mase,series_mean,10,10,0.5495594919875131,0.0
etth1,timesfm3,24,batch_latency_ms,mean,10,10,203.17224029114408,1.5241083089774368
etth1,timesfm3,24,batch_latency_ms,series_mean,10,10,203.17224029114408,1.5241083089774368
etth1,toto2,24,mae,mean,10,10,1.266822970706896,2.340555645717801e-16
etth1,toto2,24,mae,series_mean,10,10,1.266822970706896,2.340555645717801e-16
etth1,toto2,24,rmse,mean,10,10,1.537444339753555,2.340555645717801e-16
etth1,toto2,24,rmse,series_mean,10,10,1.537444339753555,2.340555645717801e-16
etth1,toto2,24,mase,mean,10,10,0.5623878437617795,0.0
etth1,toto2,24,mase,series_mean,10,10,0.5623878437617795,0.0
etth1,toto2,24,batch_latency_ms,mean,10,10,48.66232399459413,0.6231679988211811
etth1,toto2,24,batch_latency_ms,series_mean,10,10,48.66232399459413,0.6231679988211811
etth1,seasonal-naive,168,mae,mean,10,10,2.8983103802672154,0.0
etth1,seasonal-naive,168,mae,series_mean,10,10,2.8983103802672154,0.0
etth1,seasonal-naive,168,rmse,mean,10,10,3.542968251282855,0.0
etth1,seasonal-naive,168,rmse,series_mean,10,10,3.542968251282855,0.0
etth1,seasonal-naive,168,mase,mean,10,10,1.2866632220927634,2.340555645717801e-16
etth1,seasonal-naive,168,mase,series_mean,10,10,1.2866632220927634,2.340555645717801e-16
etth1,seasonal-naive,168,batch_latency_ms,mean,10,10,0.00039798596190457,2.6034325986247224e-05
etth1,seasonal-naive,168,batch_latency_ms,series_mean,10,10,0.00039798596190457,2.6034325986247224e-05
etth1,lstm,168,mae,mean,10,10,2.338391475934375,0.0
etth1,lstm,168,mae,series_mean,10,10,2.338391475934375,0.0
etth1,lstm,168,rmse,mean,10,10,2.784195118929829,4.681111291435602e-16
etth1,lstm,168,rmse,series_mean,10,10,2.784195118929829,4.681111291435602e-16
etth1,lstm,168,mase,mean,10,10,1.0380952748968801,2.340555645717801e-16
etth1,lstm,168,mase,series_mean,10,10,1.0380952748968801,2.340555645717801e-16
etth1,lstm,168,batch_latency_ms,mean,10,10,1.3358815645182625,0.0015122224221606631
etth1,lstm,168,batch_latency_ms,series_mean,10,10,1.3358815645182625,0.0015122224221606631
etth1,chronos2,168,mae,mean,10,10,2.3040673647043937,4.681111291435602e-16
etth1,chronos2,168,mae,series_mean,10,10,2.3040673647043937,4.681111291435602e-16
etth1,chronos2,168,rmse,mean,10,10,2.7636171453016845,4.681111291435602e-16
etth1,chronos2,168,rmse,series_mean,10,10,2.7636171453016845,4.681111291435602e-16
etth1,chronos2,168,mase,mean,10,10,1.0228575792203505,2.340555645717801e-16
etth1,chronos2,168,mase,series_mean,10,10,1.0228575792203505,2.340555645717801e-16
etth1,chronos2,168,batch_latency_ms,mean,10,10,13.754891187267498,0.4881086971043792
etth1,chronos2,168,batch_latency_ms,series_mean,10,10,13.754891187267498,0.4881086971043792
etth1,timesfm3,168,mae,mean,10,10,2.112721720298304,4.681111291435602e-16
etth1,timesfm3,168,mae,series_mean,10,10,2.112721720298304,4.681111291435602e-16
etth1,timesfm3,168,rmse,mean,10,10,2.5398915225242122,4.681111291435602e-16
etth1,timesfm3,168,rmse,series_mean,10,10,2.5398915225242122,4.681111291435602e-16
etth1,timesfm3,168,mase,mean,10,10,0.9379124315090637,1.1702778228589004e-16
etth1,timesfm3,168,mase,series_mean,10,10,0.9379124315090637,1.1702778228589004e-16
etth1,timesfm3,168,batch_latency_ms,mean,10,10,262.33955842606963,53.59225474201703
etth1,timesfm3,168,batch_latency_ms,series_mean,10,10,262.33955842606963,53.59225474201703
etth1,toto2,168,mae,mean,10,10,2.2488647434310423,0.0
etth1,toto2,168,mae,series_mean,10,10,2.2488647434310423,0.0
etth1,toto2,168,rmse,mean,10,10,2.6975858303517706,0.0
etth1,toto2,168,rmse,series_mean,10,10,2.6975858303517706,0.0
etth1,toto2,168,mase,mean,10,10,0.9983511691963877,1.1702778228589004e-16
etth1,toto2,168,mase,series_mean,10,10,0.9983511691963877,1.1702778228589004e-16
etth1,toto2,168,batch_latency_ms,mean,10,10,48.672557715661554,0.17573755212098036
etth1,toto2,168,batch_latency_ms,series_mean,10,10,48.672557715661554,0.17573755212098036
household,seasonal-naive,24,mae,mean,10,10,0.5076610106433332,1.1702778228589004e-16
household,seasonal-naive,24,mae,series_mean,10,10,0.5076610106433332,1.1702778228589004e-16
household,seasonal-naive,24,rmse,mean,10,10,0.6994271951126974,1.1702778228589004e-16
household,seasonal-naive,24,rmse,series_mean,10,10,0.6994271951126974,1.1702778228589004e-16
household,seasonal-naive,24,mase,mean,10,10,0.7625850204257272,1.1702778228589004e-16
household,seasonal-naive,24,mase,series_mean,10,10,0.7625850204257272,1.1702778228589004e-16
household,seasonal-naive,24,batch_latency_ms,mean,10,10,0.00034256186336273,1.7673232344810172e-05
household,seasonal-naive,24,batch_latency_ms,series_mean,10,10,0.00034256186336273,1.7673232344810172e-05
household,lstm,24,mae,mean,10,10,0.41650223502866657,5.851389114294502e-17
household,lstm,24,mae,series_mean,10,10,0.41650223502866657,5.851389114294502e-17
household,lstm,24,rmse,mean,10,10,0.5567203461201696,1.1702778228589004e-16
household,lstm,24,rmse,series_mean,10,10,0.5567203461201696,1.1702778228589004e-16
household,lstm,24,mase,mean,10,10,0.6256505005263154,1.1702778228589004e-16
household,lstm,24,mase,series_mean,10,10,0.6256505005263154,1.1702778228589004e-16
household,lstm,24,batch_latency_ms,mean,10,10,1.3309020018205047,0.0021292499351796114
household,lstm,24,batch_latency_ms,series_mean,10,10,1.3309020018205047,0.0021292499351796114
household,chronos2,24,mae,mean,10,10,0.39285592427999994,5.851389114294502e-17
household,chronos2,24,mae,series_mean,10,10,0.39285592427999994,5.851389114294502e-17
household,chronos2,24,rmse,mean,10,10,0.536533182407757,0.0
household,chronos2,24,rmse,series_mean,10,10,0.536533182407757,0.0
household,chronos2,24,mase,mean,10,10,0.5901301001268175,0.0
household,chronos2,24,mase,series_mean,10,10,0.5901301001268175,0.0
household,chronos2,24,batch_latency_ms,mean,10,10,13.86682649590075,0.400234748194911
household,chronos2,24,batch_latency_ms,series_mean,10,10,13.86682649590075,0.400234748194911
household,timesfm3,24,mae,mean,10,10,0.3943126459166666,0.0
household,timesfm3,24,mae,series_mean,10,10,0.3943126459166666,0.0
household,timesfm3,24,rmse,mean,10,10,0.5349530786439479,0.0
household,timesfm3,24,rmse,series_mean,10,10,0.5349530786439479,0.0
household,timesfm3,24,mase,mean,10,10,0.5923183203678092,0.0
household,timesfm3,24,mase,series_mean,10,10,0.5923183203678092,0.0
household,timesfm3,24,batch_latency_ms,mean,10,10,111.73187865968794,0.2566082398726769
household,timesfm3,24,batch_latency_ms,series_mean,10,10,111.73187865968794,0.2566082398726769
household,toto2,24,mae,mean,10,10,0.39666117847,0.0
household,toto2,24,mae,series_mean,10,10,0.39666117847,0.0
household,toto2,24,rmse,mean,10,10,0.5406365814486025,0.0
household,toto2,24,rmse,series_mean,10,10,0.5406365814486025,0.0
household,toto2,24,mase,mean,10,10,0.5958461779491596,1.1702778228589004e-16
household,toto2,24,mase,series_mean,10,10,0.5958461779491596,1.1702778228589004e-16
household,toto2,24,batch_latency_ms,mean,10,10,47.01507826000452,0.15596278278141085
household,toto2,24,batch_latency_ms,series_mean,10,10,47.01507826000452,0.15596278278141085
household,seasonal-naive,168,mae,mean,10,10,0.5508079513539681,1.1702778228589004e-16
household,seasonal-naive,168,mae,series_mean,10,10,0.5508079513539681,1.1702778228589004e-16
household,seasonal-naive,168,rmse,mean,10,10,0.7887428028068139,0.0
household,seasonal-naive,168,rmse,series_mean,10,10,0.7887428028068139,0.0
household,seasonal-naive,168,mase,mean,10,10,0.8273983702266708,0.0
household,seasonal-naive,168,mase,series_mean,10,10,0.8273983702266708,0.0
household,seasonal-naive,168,batch_latency_ms,mean,10,10,0.00036879597852623004,1.7569147990923804e-05
household,seasonal-naive,168,batch_latency_ms,series_mean,10,10,0.00036879597852623004,1.7569147990923804e-05
household,lstm,168,mae,mean,10,10,0.43279165701746025,5.851389114294502e-17
household,lstm,168,mae,series_mean,10,10,0.43279165701746025,5.851389114294502e-17
household,lstm,168,rmse,mean,10,10,0.6133414064414372,0.0
household,lstm,168,rmse,series_mean,10,10,0.6133414064414372,0.0
household,lstm,168,mase,mean,10,10,0.6501197210093022,0.0
household,lstm,168,mase,series_mean,10,10,0.6501197210093022,0.0
household,lstm,168,batch_latency_ms,mean,10,10,1.335336945950985,0.0028334772121159616
household,lstm,168,batch_latency_ms,series_mean,10,10,1.335336945950985,0.0028334772121159616
household,chronos2,168,mae,mean,10,10,0.427116321868254,0.0
household,chronos2,168,mae,series_mean,10,10,0.427116321868254,0.0
household,chronos2,168,rmse,mean,10,10,0.6117906782476314,0.0
household,chronos2,168,rmse,series_mean,10,10,0.6117906782476314,0.0
household,chronos2,168,mase,mean,10,10,0.641594493584025,1.1702778228589004e-16
household,chronos2,168,mase,series_mean,10,10,0.641594493584025,1.1702778228589004e-16
household,chronos2,168,batch_latency_ms,mean,10,10,14.326321292358141,0.06799127035900446
household,chronos2,168,batch_latency_ms,series_mean,10,10,14.326321292358141,0.06799127035900422
household,timesfm3,168,mae,mean,10,10,0.42762382305079355,5.851389114294502e-17
household,timesfm3,168,mae,series_mean,10,10,0.42762382305079355,5.851389114294502e-17
household,timesfm3,168,rmse,mean,10,10,0.6112361799375805,0.0
household,timesfm3,168,rmse,series_mean,10,10,0.6112361799375805,0.0
household,timesfm3,168,mase,mean,10,10,0.6423568385180249,1.1702778228589004e-16
household,timesfm3,168,mase,series_mean,10,10,0.6423568385180249,1.1702778228589004e-16
household,timesfm3,168,batch_latency_ms,mean,10,10,236.37045035231853,60.25251699762453
household,timesfm3,168,batch_latency_ms,series_mean,10,10,236.37045035231853,60.25251699762453
household,toto2,168,mae,mean,10,10,0.43928715877142854,5.851389114294502e-17
household,toto2,168,mae,series_mean,10,10,0.43928715877142854,5.851389114294502e-17
household,toto2,168,rmse,mean,10,10,0.6316913197106936,0.0
household,toto2,168,rmse,series_mean,10,10,0.6316913197106936,0.0
household,toto2,168,mase,mean,10,10,0.6598769649848597,0.0
household,toto2,168,mase,series_mean,10,10,0.6598769649848597,0.0
household,toto2,168,batch_latency_ms,mean,10,10,47.388415236646935,0.21614246649250007
household,toto2,168,batch_latency_ms,series_mean,10,10,47.388415236646935,0.21614246649250007
